{
  "epoch": 882,
  "regime": "normal",
  "n_validators": 817,
  "metrics": {
    "base_fees": {
      "network": {
        "mean": 0.00321423,
        "median": 0.0031969
      },
      "top_50_by_stake": {
        "median": 0.0031611
      },
      "top_50_by_mev": {
        "median": 0.00334595
      }
    },
    "priority_fees": {
      "network": {
        "mean": 0.0134466,
        "median": 0.012522
      },
      "top_50_by_stake": {
        "median": 0.01339115
      },
      "top_50_by_mev": {
        "median": 0.0155403
      }
    },
    "mev": {
      "network": {
        "mean": 0.00597902,
        "median": 0.0034753
      },
      "top_50_by_stake": {
        "median": 0.00288245
      },
      "top_50_by_mev": {
        "median": 0.0189468
      }
    },
    "total_reward": {
      "network": {
        "mean": 0.02263985,
        "median": 0.0198846
      },
      "top_50_by_stake": {
        "median": 0.0201755
      },
      "top_50_by_mev": {
        "median": 0.03709515
      }
    }
  }
}