{
  "epoch": 823,
  "regime": "normal",
  "n_validators": 982,
  "metrics": {
    "base_fees": {
      "network": {
        "mean": 0.00401095,
        "median": 0.00401285
      },
      "top_50_by_stake": {
        "mean": 0.00399314,
        "median": 0.00400235
      },
      "top_50_by_mev": {
        "mean": 0.00404094,
        "median": 0.0040112
      }
    },
    "priority_fees": {
      "network": {
        "mean": 0.02244017,
        "median": 0.02154605
      },
      "top_50_by_stake": {
        "mean": 0.02186899,
        "median": 0.02180965
      },
      "top_50_by_mev": {
        "mean": 0.02730398,
        "median": 0.02548295
      }
    },
    "mev": {
      "network": {
        "mean": 0.02570699,
        "median": 0.0270967
      },
      "top_50_by_stake": {
        "mean": 0.03109202,
        "median": 0.034703
      },
      "top_50_by_mev": {
        "mean": 0.06653755,
        "median": 0.0571862
      }
    },
    "total_reward": {
      "network": {
        "mean": 0.05215812,
        "median": 0.05148255
      },
      "top_50_by_stake": {
        "mean": 0.05695416,
        "median": 0.05894505
      },
      "top_50_by_mev": {
        "mean": 0.09788247,
        "median": 0.08690165
      }
    }
  }
}