{
  "epoch": 878,
  "regime": "elevated",
  "n_validators": 822,
  "metrics": {
    "base_fees": {
      "network": {
        "mean": 0.00323705,
        "median": 0.00323005
      },
      "top_50_by_stake": {
        "mean": 0.00325132,
        "median": 0.00320045
      },
      "top_50_by_mev": {
        "mean": 0.00334642,
        "median": 0.00338
      }
    },
    "priority_fees": {
      "network": {
        "mean": 0.01821112,
        "median": 0.0164035
      },
      "top_50_by_stake": {
        "mean": 0.01791211,
        "median": 0.01789945
      },
      "top_50_by_mev": {
        "mean": 0.02625758,
        "median": 0.0202313
      }
    },
    "mev": {
      "network": {
        "mean": 0.00792251,
        "median": 0.00411575
      },
      "top_50_by_stake": {
        "mean": 0.00760161,
        "median": 0.0039378
      },
      "top_50_by_mev": {
        "mean": 0.03969381,
        "median": 0.0217579
      }
    },
    "total_reward": {
      "network": {
        "mean": 0.02937067,
        "median": 0.02532195
      },
      "top_50_by_stake": {
        "mean": 0.02876504,
        "median": 0.02561725
      },
      "top_50_by_mev": {
        "mean": 0.06929781,
        "median": 0.045438
      }
    }
  }
}