{
  "epoch": 816,
  "regime": "normal",
  "n_validators": 978,
  "metrics": {
    "base_fees": {
      "network": {
        "mean": 0.00401707,
        "median": 0.00404435
      },
      "top_50_by_stake": {
        "median": 0.00406205
      },
      "top_50_by_mev": {
        "median": 0.00406345
      }
    },
    "priority_fees": {
      "network": {
        "mean": 0.02375286,
        "median": 0.0220565
      },
      "top_50_by_stake": {
        "median": 0.0230702
      },
      "top_50_by_mev": {
        "median": 0.02925145
      }
    },
    "mev": {
      "network": {
        "mean": 0.02753396,
        "median": 0.0268058
      },
      "top_50_by_stake": {
        "median": 0.03459655
      },
      "top_50_by_mev": {
        "median": 0.062921
      }
    },
    "total_reward": {
      "network": {
        "mean": 0.05530389,
        "median": 0.0530382
      },
      "top_50_by_stake": {
        "median": 0.05982125
      },
      "top_50_by_mev": {
        "median": 0.0943763
      }
    }
  }
}