{
  "epoch": 866,
  "regime": "normal",
  "n_validators": 898,
  "metrics": {
    "base_fees": {
      "network": {
        "mean": 0.00330257,
        "median": 0.0032815
      },
      "top_50_by_stake": {
        "mean": 0.00329712,
        "median": 0.003265
      },
      "top_50_by_mev": {
        "mean": 0.00336193,
        "median": 0.003335
      }
    },
    "priority_fees": {
      "network": {
        "mean": 0.01073394,
        "median": 0.00959265
      },
      "top_50_by_stake": {
        "mean": 0.01059298,
        "median": 0.01044685
      },
      "top_50_by_mev": {
        "mean": 0.01600179,
        "median": 0.01106575
      }
    },
    "mev": {
      "network": {
        "mean": 0.00561666,
        "median": 0.0033515
      },
      "top_50_by_stake": {
        "mean": 0.00518367,
        "median": 0.00311745
      },
      "top_50_by_mev": {
        "mean": 0.02592598,
        "median": 0.0167011
      }
    },
    "total_reward": {
      "network": {
        "mean": 0.01965317,
        "median": 0.0170836
      },
      "top_50_by_stake": {
        "mean": 0.01907377,
        "median": 0.01734255
      },
      "top_50_by_mev": {
        "mean": 0.04528969,
        "median": 0.03218805
      }
    }
  }
}