{
  "epoch": 939,
  "regime": "normal",
  "n_validators": 757,
  "metrics": {
    "base_fees": {
      "network": {
        "mean": 0.00353432,
        "median": 0.0035567
      },
      "top_50_by_stake": {
        "mean": 0.00360832,
        "median": 0.00360235
      },
      "top_50_by_mev": {
        "mean": 0.00360783,
        "median": 0.00364875
      }
    },
    "priority_fees": {
      "network": {
        "mean": 0.02754371,
        "median": 0.0239732
      },
      "top_50_by_stake": {
        "mean": 0.03090118,
        "median": 0.0292525
      },
      "top_50_by_mev": {
        "mean": 0.03075203,
        "median": 0.0277132
      }
    },
    "mev": {
      "network": {
        "mean": 0.00722122,
        "median": 0.0056962
      },
      "top_50_by_stake": {
        "mean": 0.00618384,
        "median": 0.0042637
      },
      "top_50_by_mev": {
        "mean": 0.02550535,
        "median": 0.02072695
      }
    },
    "total_reward": {
      "network": {
        "mean": 0.03829926,
        "median": 0.0343176
      },
      "top_50_by_stake": {
        "mean": 0.04069334,
        "median": 0.03832405
      },
      "top_50_by_mev": {
        "mean": 0.05986522,
        "median": 0.0523769
      }
    }
  }
}