{
  "epoch": 737,
  "regime": "normal",
  "n_validators": 1348,
  "metrics": {
    "base_fees": {
      "network": {
        "mean": 0.00482151,
        "median": 0.0048768
      },
      "top_50_by_stake": {
        "mean": 0.00482977,
        "median": 0.00494905
      },
      "top_50_by_mev": {
        "mean": 0.00482439,
        "median": 0.0049163
      }
    },
    "priority_fees": {
      "network": {
        "mean": 0.04565251,
        "median": 0.0439932
      },
      "top_50_by_stake": {
        "mean": 0.04583514,
        "median": 0.04828075
      },
      "top_50_by_mev": {
        "mean": 0.06905815,
        "median": 0.0631346
      }
    },
    "mev": {
      "network": {
        "mean": 0.10971979,
        "median": 0.10429745
      },
      "top_50_by_stake": {
        "mean": 0.1139816,
        "median": 0.1294672
      },
      "top_50_by_mev": {
        "mean": 0.44396551,
        "median": 0.27686775
      }
    },
    "total_reward": {
      "network": {
        "mean": 0.16019381,
        "median": 0.15445335
      },
      "top_50_by_stake": {
        "mean": 0.16464651,
        "median": 0.17917335
      },
      "top_50_by_mev": {
        "mean": 0.51784805,
        "median": 0.3354272
      }
    }
  }
}