{
  "epoch": 887,
  "regime": "normal",
  "n_validators": 815,
  "metrics": {
    "base_fees": {
      "network": {
        "mean": 0.00296563,
        "median": 0.0029634
      },
      "top_50_by_stake": {
        "median": 0.0029439
      },
      "top_50_by_mev": {
        "median": 0.00304985
      }
    },
    "priority_fees": {
      "network": {
        "mean": 0.01253567,
        "median": 0.0113021
      },
      "top_50_by_stake": {
        "median": 0.01222705
      },
      "top_50_by_mev": {
        "median": 0.0129126
      }
    },
    "mev": {
      "network": {
        "mean": 0.00462339,
        "median": 0.0023367
      },
      "top_50_by_stake": {
        "median": 0.0019105
      },
      "top_50_by_mev": {
        "median": 0.0153829
      }
    },
    "total_reward": {
      "network": {
        "mean": 0.0201247,
        "median": 0.0174537
      },
      "top_50_by_stake": {
        "median": 0.0181367
      },
      "top_50_by_mev": {
        "median": 0.03223895
      }
    }
  }
}