{
  "epoch": 557,
  "regime": "elevated",
  "n_validators": 1908,
  "metrics": {
    "base_fees": {
      "network": {
        "mean": 0.00313949,
        "median": 0.00318295
      },
      "top_50_by_stake": {
        "mean": 0.00343571,
        "median": 0.0034263
      },
      "top_50_by_mev": {
        "mean": 0.00316343,
        "median": 0.00316545
      }
    },
    "priority_fees": {
      "network": {
        "mean": 0.00702919,
        "median": 0.00549515
      },
      "top_50_by_stake": {
        "mean": 0.00737237,
        "median": 0.0075098
      },
      "top_50_by_mev": {
        "mean": 0.00595068,
        "median": 0.00519655
      }
    },
    "mev": {
      "network": {
        "mean": 0.0,
        "median": 0.0
      },
      "top_50_by_stake": {
        "mean": 0.0,
        "median": 0.0
      },
      "top_50_by_mev": {
        "mean": 0.0,
        "median": 0.0
      }
    },
    "total_reward": {
      "network": {
        "mean": 0.01016868,
        "median": 0.0086304
      },
      "top_50_by_stake": {
        "mean": 0.01080808,
        "median": 0.01097745
      },
      "top_50_by_mev": {
        "mean": 0.00911411,
        "median": 0.0081514
      }
    }
  }
}