{
  "epoch": 752,
  "regime": "normal",
  "n_validators": 1280,
  "metrics": {
    "base_fees": {
      "network": {
        "mean": 0.0088837,
        "median": 0.0089655
      },
      "top_50_by_stake": {
        "mean": 0.00895108,
        "median": 0.00909785
      },
      "top_50_by_mev": {
        "mean": 0.00889351,
        "median": 0.00897585
      }
    },
    "priority_fees": {
      "network": {
        "mean": 0.03417005,
        "median": 0.03224715
      },
      "top_50_by_stake": {
        "mean": 0.03497317,
        "median": 0.03405965
      },
      "top_50_by_mev": {
        "mean": 0.06874427,
        "median": 0.0434842
      }
    },
    "mev": {
      "network": {
        "mean": 0.05409455,
        "median": 0.0501144
      },
      "top_50_by_stake": {
        "mean": 0.05482592,
        "median": 0.05805265
      },
      "top_50_by_mev": {
        "mean": 0.19273715,
        "median": 0.1403091
      }
    },
    "total_reward": {
      "network": {
        "mean": 0.09714831,
        "median": 0.09265675
      },
      "top_50_by_stake": {
        "mean": 0.09875017,
        "median": 0.10023995
      },
      "top_50_by_mev": {
        "mean": 0.27037493,
        "median": 0.201351
      }
    }
  }
}