{
  "epoch": 831,
  "regime": "normal",
  "n_validators": 967,
  "metrics": {
    "base_fees": {
      "network": {
        "mean": 0.00395168,
        "median": 0.003953
      },
      "top_50_by_stake": {
        "median": 0.0039231
      },
      "top_50_by_mev": {
        "median": 0.00393025
      }
    },
    "priority_fees": {
      "network": {
        "mean": 0.02865902,
        "median": 0.0276111
      },
      "top_50_by_stake": {
        "median": 0.02785475
      },
      "top_50_by_mev": {
        "median": 0.03226485
      }
    },
    "mev": {
      "network": {
        "mean": 0.02935613,
        "median": 0.0274131
      },
      "top_50_by_stake": {
        "median": 0.03370235
      },
      "top_50_by_mev": {
        "median": 0.05907485
      }
    },
    "total_reward": {
      "network": {
        "mean": 0.06196682,
        "median": 0.0602962
      },
      "top_50_by_stake": {
        "median": 0.06638275
      },
      "top_50_by_mev": {
        "median": 0.0933617
      }
    }
  }
}