{
  "epoch": 885,
  "regime": "normal",
  "n_validators": 821,
  "metrics": {
    "base_fees": {
      "network": {
        "mean": 0.00312779,
        "median": 0.0031216
      },
      "top_50_by_stake": {
        "median": 0.00309765
      },
      "top_50_by_mev": {
        "median": 0.0032341
      }
    },
    "priority_fees": {
      "network": {
        "mean": 0.01373573,
        "median": 0.0126925
      },
      "top_50_by_stake": {
        "median": 0.01364365
      },
      "top_50_by_mev": {
        "median": 0.01502365
      }
    },
    "mev": {
      "network": {
        "mean": 0.00525505,
        "median": 0.0030802
      },
      "top_50_by_stake": {
        "median": 0.00253295
      },
      "top_50_by_mev": {
        "median": 0.0175654
      }
    },
    "total_reward": {
      "network": {
        "mean": 0.02211857,
        "median": 0.019837
      },
      "top_50_by_stake": {
        "median": 0.0198939
      },
      "top_50_by_mev": {
        "median": 0.0356814
      }
    }
  }
}