{
  "epoch": 647,
  "regime": "normal",
  "n_validators": 1399,
  "metrics": {
    "base_fees": {
      "network": {
        "mean": 0.0037333,
        "median": 0.0037769
      },
      "top_50_by_stake": {
        "mean": 0.00407532,
        "median": 0.0040885
      },
      "top_50_by_mev": {
        "mean": 0.00383352,
        "median": 0.00388905
      }
    },
    "priority_fees": {
      "network": {
        "mean": 0.0208294,
        "median": 0.0202149
      },
      "top_50_by_stake": {
        "mean": 0.02222771,
        "median": 0.02247975
      },
      "top_50_by_mev": {
        "mean": 0.03553497,
        "median": 0.02708545
      }
    },
    "mev": {
      "network": {
        "mean": 0.08560716,
        "median": 0.0469672
      },
      "top_50_by_stake": {
        "mean": 0.03961002,
        "median": 0.0511168
      },
      "top_50_by_mev": {
        "mean": 1.33145162,
        "median": 0.0958522
      }
    },
    "total_reward": {
      "network": {
        "mean": 0.11016986,
        "median": 0.0713309
      },
      "top_50_by_stake": {
        "mean": 0.06591305,
        "median": 0.07768405
      },
      "top_50_by_mev": {
        "mean": 1.37082011,
        "median": 0.1284299
      }
    }
  }
}