{
  "epoch": 663,
  "regime": "normal",
  "n_validators": 1287,
  "metrics": {
    "base_fees": {
      "network": {
        "mean": 0.0034567,
        "median": 0.0034941
      },
      "top_50_by_stake": {
        "mean": 0.00361755,
        "median": 0.0036266
      },
      "top_50_by_mev": {
        "mean": 0.00350609,
        "median": 0.00354255
      }
    },
    "priority_fees": {
      "network": {
        "mean": 0.00808913,
        "median": 0.0076132
      },
      "top_50_by_stake": {
        "mean": 0.00858805,
        "median": 0.008471
      },
      "top_50_by_mev": {
        "mean": 0.01263802,
        "median": 0.01088995
      }
    },
    "mev": {
      "network": {
        "mean": 0.01600803,
        "median": 0.0166342
      },
      "top_50_by_stake": {
        "mean": 0.01318508,
        "median": 0.01717865
      },
      "top_50_by_mev": {
        "mean": 0.0552642,
        "median": 0.0405123
      }
    },
    "total_reward": {
      "network": {
        "mean": 0.02755386,
        "median": 0.0278988
      },
      "top_50_by_stake": {
        "mean": 0.02539068,
        "median": 0.0295035
      },
      "top_50_by_mev": {
        "mean": 0.07140831,
        "median": 0.05458625
      }
    }
  }
}