{
  "epoch": 778,
  "regime": "normal",
  "n_validators": 1211,
  "metrics": {
    "base_fees": {
      "network": {
        "mean": 0.00442657,
        "median": 0.0044714
      },
      "top_50_by_stake": {
        "median": 0.00445825
      },
      "top_50_by_mev": {
        "median": 0.0044804
      }
    },
    "priority_fees": {
      "network": {
        "mean": 0.03418759,
        "median": 0.0337617
      },
      "top_50_by_stake": {
        "median": 0.0347355
      },
      "top_50_by_mev": {
        "median": 0.04851225
      }
    },
    "mev": {
      "network": {
        "mean": 0.05841746,
        "median": 0.0543946
      },
      "top_50_by_stake": {
        "median": 0.0580922
      },
      "top_50_by_mev": {
        "median": 0.12574985
      }
    },
    "total_reward": {
      "network": {
        "mean": 0.09703162,
        "median": 0.0928441
      },
      "top_50_by_stake": {
        "median": 0.09798085
      },
      "top_50_by_mev": {
        "median": 0.1895352
      }
    }
  }
}