{
  "epoch": 733,
  "regime": "normal",
  "n_validators": 1346,
  "metrics": {
    "base_fees": {
      "network": {
        "mean": 0.00483247,
        "median": 0.0048772
      },
      "top_50_by_stake": {
        "mean": 0.00479617,
        "median": 0.00488845
      },
      "top_50_by_mev": {
        "mean": 0.00492827,
        "median": 0.0049372
      }
    },
    "priority_fees": {
      "network": {
        "mean": 0.0694669,
        "median": 0.0674515
      },
      "top_50_by_stake": {
        "mean": 0.07058943,
        "median": 0.07415825
      },
      "top_50_by_mev": {
        "mean": 0.10552725,
        "median": 0.0940553
      }
    },
    "mev": {
      "network": {
        "mean": 0.17015448,
        "median": 0.16299705
      },
      "top_50_by_stake": {
        "mean": 0.18281099,
        "median": 0.1987823
      },
      "top_50_by_mev": {
        "mean": 0.62819737,
        "median": 0.46830985
      }
    },
    "total_reward": {
      "network": {
        "mean": 0.24445385,
        "median": 0.23824585
      },
      "top_50_by_stake": {
        "mean": 0.25819659,
        "median": 0.2784993
      },
      "top_50_by_mev": {
        "mean": 0.73865289,
        "median": 0.57760835
      }
    }
  }
}