{
  "epoch": 703,
  "regime": "normal",
  "n_validators": 1333,
  "metrics": {
    "base_fees": {
      "network": {
        "mean": 0.00459317,
        "median": 0.0046402
      },
      "top_50_by_stake": {
        "mean": 0.00463479,
        "median": 0.0046884
      },
      "top_50_by_mev": {
        "mean": 0.00463063,
        "median": 0.00461955
      }
    },
    "priority_fees": {
      "network": {
        "mean": 0.0693288,
        "median": 0.0690826
      },
      "top_50_by_stake": {
        "mean": 0.06934347,
        "median": 0.07142785
      },
      "top_50_by_mev": {
        "mean": 0.0913926,
        "median": 0.0863431
      }
    },
    "mev": {
      "network": {
        "mean": 0.1493174,
        "median": 0.1512984
      },
      "top_50_by_stake": {
        "mean": 0.15111276,
        "median": 0.1609443
      },
      "top_50_by_mev": {
        "mean": 0.46565812,
        "median": 0.3117406
      }
    },
    "total_reward": {
      "network": {
        "mean": 0.22323937,
        "median": 0.2253229
      },
      "top_50_by_stake": {
        "mean": 0.22509101,
        "median": 0.23587615
      },
      "top_50_by_mev": {
        "mean": 0.56168135,
        "median": 0.406909
      }
    }
  }
}