{
  "epoch": 907,
  "regime": "elevated",
  "n_validators": 779,
  "metrics": {
    "base_fees": {
      "network": {
        "mean": 0.00312196,
        "median": 0.003142
      },
      "top_50_by_stake": {
        "mean": 0.00316887,
        "median": 0.00311365
      },
      "top_50_by_mev": {
        "mean": 0.00323887,
        "median": 0.0032478
      }
    },
    "priority_fees": {
      "network": {
        "mean": 0.02118707,
        "median": 0.0200098
      },
      "top_50_by_stake": {
        "mean": 0.02248103,
        "median": 0.02175535
      },
      "top_50_by_mev": {
        "mean": 0.02335797,
        "median": 0.02122985
      }
    },
    "mev": {
      "network": {
        "mean": 0.00804971,
        "median": 0.0057094
      },
      "top_50_by_stake": {
        "mean": 0.00780411,
        "median": 0.00412495
      },
      "top_50_by_mev": {
        "mean": 0.02902986,
        "median": 0.02416
      }
    },
    "total_reward": {
      "network": {
        "mean": 0.03235873,
        "median": 0.0297705
      },
      "top_50_by_stake": {
        "mean": 0.03345401,
        "median": 0.0300117
      },
      "top_50_by_mev": {
        "mean": 0.0556267,
        "median": 0.05031555
      }
    }
  }
}