{
  "epoch": 619,
  "regime": "normal",
  "n_validators": 1557,
  "metrics": {
    "base_fees": {
      "network": {
        "mean": 0.00282368,
        "median": 0.0027804
      },
      "top_50_by_stake": {
        "mean": 0.00301158,
        "median": 0.0028166
      },
      "top_50_by_mev": {
        "mean": 0.00279335,
        "median": 0.0027681
      }
    },
    "priority_fees": {
      "network": {
        "mean": 0.02037805,
        "median": 0.0198549
      },
      "top_50_by_stake": {
        "mean": 0.0230735,
        "median": 0.02143295
      },
      "top_50_by_mev": {
        "mean": 0.03291291,
        "median": 0.0288105
      }
    },
    "mev": {
      "network": {
        "mean": 0.03332627,
        "median": 0.0374486
      },
      "top_50_by_stake": {
        "mean": 0.03607538,
        "median": 0.04548335
      },
      "top_50_by_mev": {
        "mean": 0.10323139,
        "median": 0.0919309
      }
    },
    "total_reward": {
      "network": {
        "mean": 0.056528,
        "median": 0.0602368
      },
      "top_50_by_stake": {
        "mean": 0.06216045,
        "median": 0.07237405
      },
      "top_50_by_mev": {
        "mean": 0.13893765,
        "median": 0.13037585
      }
    }
  }
}