{
  "epoch": 581,
  "regime": "extreme",
  "n_validators": 1567,
  "metrics": {
    "base_fees": {
      "network": {
        "mean": 0.00261678,
        "median": 0.0025955
      },
      "top_50_by_stake": {
        "mean": 0.0026407,
        "median": 0.00258435
      },
      "top_50_by_mev": {
        "mean": 0.00292744,
        "median": 0.00275935
      }
    },
    "priority_fees": {
      "network": {
        "mean": 0.0043689,
        "median": 0.0041812
      },
      "top_50_by_stake": {
        "mean": 0.0046992,
        "median": 0.0047151
      },
      "top_50_by_mev": {
        "mean": 0.00419509,
        "median": 0.0042019
      }
    },
    "mev": {
      "network": {
        "mean": 0.01530921,
        "median": 0.0
      },
      "top_50_by_stake": {
        "mean": 0.01257216,
        "median": 0.0184401
      },
      "top_50_by_mev": {
        "mean": 0.22282031,
        "median": 0.0613628
      }
    },
    "total_reward": {
      "network": {
        "mean": 0.02229488,
        "median": 0.0102681
      },
      "top_50_by_stake": {
        "mean": 0.01991207,
        "median": 0.0256066
      },
      "top_50_by_mev": {
        "mean": 0.22994284,
        "median": 0.0691264
      }
    }
  }
}