{
  "epoch": 904,
  "regime": "normal",
  "n_validators": 777,
  "metrics": {
    "base_fees": {
      "network": {
        "mean": 0.00290998,
        "median": 0.0029067
      },
      "top_50_by_stake": {
        "mean": 0.0029126,
        "median": 0.00286315
      },
      "top_50_by_mev": {
        "mean": 0.00294633,
        "median": 0.00297405
      }
    },
    "priority_fees": {
      "network": {
        "mean": 0.01670367,
        "median": 0.0151087
      },
      "top_50_by_stake": {
        "mean": 0.01638932,
        "median": 0.0159865
      },
      "top_50_by_mev": {
        "mean": 0.01966721,
        "median": 0.01624275
      }
    },
    "mev": {
      "network": {
        "mean": 0.00570296,
        "median": 0.0035295
      },
      "top_50_by_stake": {
        "mean": 0.00594163,
        "median": 0.00275035
      },
      "top_50_by_mev": {
        "mean": 0.02142869,
        "median": 0.01789435
      }
    },
    "total_reward": {
      "network": {
        "mean": 0.0253166,
        "median": 0.0223928
      },
      "top_50_by_stake": {
        "mean": 0.02524355,
        "median": 0.02279505
      },
      "top_50_by_mev": {
        "mean": 0.04404223,
        "median": 0.0378423
      }
    }
  }
}