{
  "epoch": 773,
  "regime": "normal",
  "n_validators": 1230,
  "metrics": {
    "base_fees": {
      "network": {
        "mean": 0.00431613,
        "median": 0.00435505
      },
      "top_50_by_stake": {
        "median": 0.0043494
      },
      "top_50_by_mev": {
        "median": 0.0043877
      }
    },
    "priority_fees": {
      "network": {
        "mean": 0.03540523,
        "median": 0.03508745
      },
      "top_50_by_stake": {
        "median": 0.0357827
      },
      "top_50_by_mev": {
        "median": 0.0509702
      }
    },
    "mev": {
      "network": {
        "mean": 0.05605345,
        "median": 0.0549798
      },
      "top_50_by_stake": {
        "median": 0.0596466
      },
      "top_50_by_mev": {
        "median": 0.13093905
      }
    },
    "total_reward": {
      "network": {
        "mean": 0.09577482,
        "median": 0.0947962
      },
      "top_50_by_stake": {
        "median": 0.0999251
      },
      "top_50_by_mev": {
        "median": 0.1962869
      }
    }
  }
}