{
  "epoch": 726,
  "regime": "normal",
  "n_validators": 1351,
  "metrics": {
    "base_fees": {
      "network": {
        "mean": 0.00474957,
        "median": 0.0047854
      },
      "top_50_by_stake": {
        "mean": 0.00472839,
        "median": 0.0048073
      },
      "top_50_by_mev": {
        "mean": 0.00480666,
        "median": 0.0048112
      }
    },
    "priority_fees": {
      "network": {
        "mean": 0.04331278,
        "median": 0.0422206
      },
      "top_50_by_stake": {
        "mean": 0.04400097,
        "median": 0.0459211
      },
      "top_50_by_mev": {
        "mean": 0.07316645,
        "median": 0.0546489
      }
    },
    "mev": {
      "network": {
        "mean": 0.11660612,
        "median": 0.1120363
      },
      "top_50_by_stake": {
        "mean": 0.13000402,
        "median": 0.1367177
      },
      "top_50_by_mev": {
        "mean": 0.40849704,
        "median": 0.30069765
      }
    },
    "total_reward": {
      "network": {
        "mean": 0.16466847,
        "median": 0.1602522
      },
      "top_50_by_stake": {
        "mean": 0.17873338,
        "median": 0.1888137
      },
      "top_50_by_mev": {
        "mean": 0.48647015,
        "median": 0.37403095
      }
    }
  }
}