{
  "epoch": 559,
  "regime": "normal",
  "n_validators": 1890,
  "metrics": {
    "base_fees": {
      "network": {
        "mean": 0.00307871,
        "median": 0.003122
      },
      "top_50_by_stake": {
        "mean": 0.00336238,
        "median": 0.00336655
      },
      "top_50_by_mev": {
        "mean": 0.00337578,
        "median": 0.00339325
      }
    },
    "priority_fees": {
      "network": {
        "mean": 0.00648728,
        "median": 0.0054876
      },
      "top_50_by_stake": {
        "mean": 0.00707448,
        "median": 0.00720415
      },
      "top_50_by_mev": {
        "mean": 0.00825454,
        "median": 0.00697125
      }
    },
    "mev": {
      "network": {
        "mean": 0.00209411,
        "median": 0.0
      },
      "top_50_by_stake": {
        "mean": 0.00537859,
        "median": 0.00274235
      },
      "top_50_by_mev": {
        "mean": 0.03346794,
        "median": 0.0277232
      }
    },
    "total_reward": {
      "network": {
        "mean": 0.01166009,
        "median": 0.0093107
      },
      "top_50_by_stake": {
        "mean": 0.01581545,
        "median": 0.0144624
      },
      "top_50_by_mev": {
        "mean": 0.04509825,
        "median": 0.03953415
      }
    }
  }
}