{
  "epoch": 800,
  "regime": "normal",
  "n_validators": 1081,
  "metrics": {
    "base_fees": {
      "network": {
        "mean": 0.00408681,
        "median": 0.004105
      },
      "top_50_by_stake": {
        "mean": 0.00408976,
        "median": 0.0041396
      },
      "top_50_by_mev": {
        "mean": 0.00410966,
        "median": 0.00410295
      }
    },
    "priority_fees": {
      "network": {
        "mean": 0.02715593,
        "median": 0.0253359
      },
      "top_50_by_stake": {
        "mean": 0.02659239,
        "median": 0.02678675
      },
      "top_50_by_mev": {
        "mean": 0.03873268,
        "median": 0.03138965
      }
    },
    "mev": {
      "network": {
        "mean": 0.03088014,
        "median": 0.0283906
      },
      "top_50_by_stake": {
        "mean": 0.03220645,
        "median": 0.0315832
      },
      "top_50_by_mev": {
        "mean": 0.0957859,
        "median": 0.07470935
      }
    },
    "total_reward": {
      "network": {
        "mean": 0.06212288,
        "median": 0.0582318
      },
      "top_50_by_stake": {
        "mean": 0.06288861,
        "median": 0.06454795
      },
      "top_50_by_mev": {
        "mean": 0.13862824,
        "median": 0.11578065
      }
    }
  }
}