{
  "epoch": 760,
  "regime": "normal",
  "n_validators": 1274,
  "metrics": {
    "base_fees": {
      "network": {
        "mean": 0.0085907,
        "median": 0.0086694
      },
      "top_50_by_stake": {
        "mean": 0.00868715,
        "median": 0.00878785
      },
      "top_50_by_mev": {
        "mean": 0.00866424,
        "median": 0.00871255
      }
    },
    "priority_fees": {
      "network": {
        "mean": 0.01559291,
        "median": 0.0152465
      },
      "top_50_by_stake": {
        "mean": 0.01642279,
        "median": 0.016026
      },
      "top_50_by_mev": {
        "mean": 0.02564601,
        "median": 0.02319705
      }
    },
    "mev": {
      "network": {
        "mean": 0.02347011,
        "median": 0.0218431
      },
      "top_50_by_stake": {
        "mean": 0.02357394,
        "median": 0.0249999
      },
      "top_50_by_mev": {
        "mean": 0.09157331,
        "median": 0.0634469
      }
    },
    "total_reward": {
      "network": {
        "mean": 0.04765372,
        "median": 0.04599605
      },
      "top_50_by_stake": {
        "mean": 0.04868387,
        "median": 0.0496028
      },
      "top_50_by_mev": {
        "mean": 0.12588356,
        "median": 0.09665885
      }
    }
  }
}