{
  "epoch": 809,
  "regime": "normal",
  "n_validators": 972,
  "metrics": {
    "base_fees": {
      "network": {
        "mean": 0.00386916,
        "median": 0.00388535
      },
      "top_50_by_stake": {
        "mean": 0.00386796,
        "median": 0.00389115
      },
      "top_50_by_mev": {
        "mean": 0.00388763,
        "median": 0.00388175
      }
    },
    "priority_fees": {
      "network": {
        "mean": 0.02326552,
        "median": 0.02193965
      },
      "top_50_by_stake": {
        "mean": 0.02284718,
        "median": 0.02247335
      },
      "top_50_by_mev": {
        "mean": 0.02853453,
        "median": 0.0264388
      }
    },
    "mev": {
      "network": {
        "mean": 0.02708714,
        "median": 0.02587915
      },
      "top_50_by_stake": {
        "mean": 0.02954213,
        "median": 0.03268245
      },
      "top_50_by_mev": {
        "mean": 0.08366892,
        "median": 0.05960805
      }
    },
    "total_reward": {
      "network": {
        "mean": 0.05422182,
        "median": 0.05209065
      },
      "top_50_by_stake": {
        "mean": 0.05625727,
        "median": 0.0578683
      },
      "top_50_by_mev": {
        "mean": 0.11609108,
        "median": 0.09011875
      }
    }
  }
}