{
  "epoch": 593,
  "regime": "elevated",
  "n_validators": 1623,
  "metrics": {
    "base_fees": {
      "network": {
        "mean": 0.00300384,
        "median": 0.0030025
      },
      "top_50_by_stake": {
        "mean": 0.00306451,
        "median": 0.00299625
      },
      "top_50_by_mev": {
        "mean": 0.00313027,
        "median": 0.00314875
      }
    },
    "priority_fees": {
      "network": {
        "mean": 0.03349562,
        "median": 0.0308806
      },
      "top_50_by_stake": {
        "mean": 0.03404865,
        "median": 0.0329855
      },
      "top_50_by_mev": {
        "mean": 0.04792101,
        "median": 0.0431068
      }
    },
    "mev": {
      "network": {
        "mean": 0.02149121,
        "median": 0.0203571
      },
      "top_50_by_stake": {
        "mean": 0.02725556,
        "median": 0.0363729
      },
      "top_50_by_mev": {
        "mean": 0.10293222,
        "median": 0.08272725
      }
    },
    "total_reward": {
      "network": {
        "mean": 0.05799067,
        "median": 0.0538859
      },
      "top_50_by_stake": {
        "mean": 0.06436872,
        "median": 0.0730675
      },
      "top_50_by_mev": {
        "mean": 0.15398349,
        "median": 0.1313525
      }
    }
  }
}