{
  "epoch": 741,
  "regime": "normal",
  "n_validators": 1348,
  "metrics": {
    "base_fees": {
      "network": {
        "mean": 0.01891407,
        "median": 0.0191383
      },
      "top_50_by_stake": {
        "mean": 0.01912154,
        "median": 0.01941725
      },
      "top_50_by_mev": {
        "mean": 0.01923452,
        "median": 0.0193184
      }
    },
    "priority_fees": {
      "network": {
        "mean": 0.06167003,
        "median": 0.0596936
      },
      "top_50_by_stake": {
        "mean": 0.06438986,
        "median": 0.06511135
      },
      "top_50_by_mev": {
        "mean": 0.10816023,
        "median": 0.09265075
      }
    },
    "mev": {
      "network": {
        "mean": 0.11357512,
        "median": 0.1079618
      },
      "top_50_by_stake": {
        "mean": 0.12567436,
        "median": 0.1308502
      },
      "top_50_by_mev": {
        "mean": 0.40022231,
        "median": 0.36321945
      }
    },
    "total_reward": {
      "network": {
        "mean": 0.19415922,
        "median": 0.1875804
      },
      "top_50_by_stake": {
        "mean": 0.20918577,
        "median": 0.21250175
      },
      "top_50_by_mev": {
        "mean": 0.52761706,
        "median": 0.47915595
      }
    }
  }
}