{
  "epoch": 827,
  "regime": "normal",
  "n_validators": 994,
  "metrics": {
    "base_fees": {
      "network": {
        "mean": 0.00393836,
        "median": 0.00395625
      },
      "top_50_by_stake": {
        "mean": 0.00391666,
        "median": 0.0039483
      },
      "top_50_by_mev": {
        "mean": 0.00390532,
        "median": 0.00394685
      }
    },
    "priority_fees": {
      "network": {
        "mean": 0.01668358,
        "median": 0.0160283
      },
      "top_50_by_stake": {
        "mean": 0.01632512,
        "median": 0.0162345
      },
      "top_50_by_mev": {
        "mean": 0.02112777,
        "median": 0.01927075
      }
    },
    "mev": {
      "network": {
        "mean": 0.01937484,
        "median": 0.0202475
      },
      "top_50_by_stake": {
        "mean": 0.02324658,
        "median": 0.02614645
      },
      "top_50_by_mev": {
        "mean": 0.04809568,
        "median": 0.04407635
      }
    },
    "total_reward": {
      "network": {
        "mean": 0.03999678,
        "median": 0.0399225
      },
      "top_50_by_stake": {
        "mean": 0.04348836,
        "median": 0.04569705
      },
      "top_50_by_mev": {
        "mean": 0.07312877,
        "median": 0.0674406
      }
    }
  }
}