{
  "epoch": 676,
  "regime": "elevated",
  "n_validators": 1311,
  "metrics": {
    "base_fees": {
      "network": {
        "mean": 0.00313499,
        "median": 0.0031848
      },
      "top_50_by_stake": {
        "mean": 0.00335554,
        "median": 0.00342065
      },
      "top_50_by_mev": {
        "mean": 0.00309914,
        "median": 0.0031163
      }
    },
    "priority_fees": {
      "network": {
        "mean": 0.02182008,
        "median": 0.0207622
      },
      "top_50_by_stake": {
        "mean": 0.02516279,
        "median": 0.0254706
      },
      "top_50_by_mev": {
        "mean": 0.02967731,
        "median": 0.0253554
      }
    },
    "mev": {
      "network": {
        "mean": 0.05282366,
        "median": 0.0578203
      },
      "top_50_by_stake": {
        "mean": 0.04366434,
        "median": 0.06367035
      },
      "top_50_by_mev": {
        "mean": 0.12696155,
        "median": 0.113799
      }
    },
    "total_reward": {
      "network": {
        "mean": 0.07777873,
        "median": 0.0817671
      },
      "top_50_by_stake": {
        "mean": 0.07218267,
        "median": 0.0881512
      },
      "top_50_by_mev": {
        "mean": 0.159738,
        "median": 0.1480669
      }
    }
  }
}