{
  "epoch": 645,
  "regime": "normal",
  "n_validators": 1402,
  "metrics": {
    "base_fees": {
      "network": {
        "mean": 0.00375004,
        "median": 0.00382205
      },
      "top_50_by_stake": {
        "mean": 0.00406859,
        "median": 0.00402355
      },
      "top_50_by_mev": {
        "mean": 0.00386509,
        "median": 0.00391615
      }
    },
    "priority_fees": {
      "network": {
        "mean": 0.02347825,
        "median": 0.0220255
      },
      "top_50_by_stake": {
        "mean": 0.02581742,
        "median": 0.0257438
      },
      "top_50_by_mev": {
        "mean": 0.04058662,
        "median": 0.0298313
      }
    },
    "mev": {
      "network": {
        "mean": 0.02688035,
        "median": 0.0289962
      },
      "top_50_by_stake": {
        "mean": 0.02359978,
        "median": 0.0313239
      },
      "top_50_by_mev": {
        "mean": 0.0794334,
        "median": 0.0668798
      }
    },
    "total_reward": {
      "network": {
        "mean": 0.05410864,
        "median": 0.0545764
      },
      "top_50_by_stake": {
        "mean": 0.05348579,
        "median": 0.06136625
      },
      "top_50_by_mev": {
        "mean": 0.1238851,
        "median": 0.10397285
      }
    }
  }
}