{
  "epoch": 679,
  "regime": "elevated",
  "n_validators": 1290,
  "metrics": {
    "base_fees": {
      "network": {
        "mean": 0.00346599,
        "median": 0.00353355
      },
      "top_50_by_stake": {
        "mean": 0.00365261,
        "median": 0.0037774
      },
      "top_50_by_mev": {
        "mean": 0.00352306,
        "median": 0.00357645
      }
    },
    "priority_fees": {
      "network": {
        "mean": 0.01968575,
        "median": 0.01863945
      },
      "top_50_by_stake": {
        "mean": 0.02265262,
        "median": 0.02361165
      },
      "top_50_by_mev": {
        "mean": 0.02761173,
        "median": 0.0250549
      }
    },
    "mev": {
      "network": {
        "mean": 0.04720554,
        "median": 0.0498436
      },
      "top_50_by_stake": {
        "mean": 0.04118322,
        "median": 0.0543284
      },
      "top_50_by_mev": {
        "mean": 0.13316346,
        "median": 0.10223935
      }
    },
    "total_reward": {
      "network": {
        "mean": 0.07035728,
        "median": 0.0726885
      },
      "top_50_by_stake": {
        "mean": 0.06748845,
        "median": 0.08003275
      },
      "top_50_by_mev": {
        "mean": 0.16429826,
        "median": 0.1341852
      }
    }
  }
}