{
  "epoch": 846,
  "regime": "normal",
  "n_validators": 909,
  "metrics": {
    "base_fees": {
      "network": {
        "mean": 0.00348895,
        "median": 0.0034737
      },
      "top_50_by_stake": {
        "median": 0.0034407
      },
      "top_50_by_mev": {
        "median": 0.0034983
      }
    },
    "priority_fees": {
      "network": {
        "mean": 0.01870994,
        "median": 0.0183046
      },
      "top_50_by_stake": {
        "median": 0.0191818
      },
      "top_50_by_mev": {
        "median": 0.02195055
      }
    },
    "mev": {
      "network": {
        "mean": 0.01196765,
        "median": 0.008973
      },
      "top_50_by_stake": {
        "median": 0.00966305
      },
      "top_50_by_mev": {
        "median": 0.02996735
      }
    },
    "total_reward": {
      "network": {
        "mean": 0.03416654,
        "median": 0.0319314
      },
      "top_50_by_stake": {
        "median": 0.03274135
      },
      "top_50_by_mev": {
        "median": 0.0567083
      }
    }
  }
}