{
  "epoch": 604,
  "regime": "elevated",
  "n_validators": 1623,
  "metrics": {
    "base_fees": {
      "network": {
        "mean": 0.00295393,
        "median": 0.0029426
      },
      "top_50_by_stake": {
        "mean": 0.00302744,
        "median": 0.00308765
      },
      "top_50_by_mev": {
        "mean": 0.00298821,
        "median": 0.0029764
      }
    },
    "priority_fees": {
      "network": {
        "mean": 0.0158743,
        "median": 0.0153203
      },
      "top_50_by_stake": {
        "mean": 0.01824917,
        "median": 0.01769555
      },
      "top_50_by_mev": {
        "mean": 0.02143296,
        "median": 0.0196494
      }
    },
    "mev": {
      "network": {
        "mean": 0.02354553,
        "median": 0.0240328
      },
      "top_50_by_stake": {
        "mean": 0.02845443,
        "median": 0.0377568
      },
      "top_50_by_mev": {
        "mean": 0.10558744,
        "median": 0.0783899
      }
    },
    "total_reward": {
      "network": {
        "mean": 0.04237377,
        "median": 0.0421356
      },
      "top_50_by_stake": {
        "mean": 0.04973104,
        "median": 0.0574177
      },
      "top_50_by_mev": {
        "mean": 0.13000861,
        "median": 0.1011724
      }
    }
  }
}