{
  "epoch": 897,
  "regime": "normal",
  "n_validators": 785,
  "metrics": {
    "base_fees": {
      "network": {
        "mean": 0.00294747,
        "median": 0.0029366
      },
      "top_50_by_stake": {
        "mean": 0.00295569,
        "median": 0.00291405
      },
      "top_50_by_mev": {
        "mean": 0.00302122,
        "median": 0.00299665
      }
    },
    "priority_fees": {
      "network": {
        "mean": 0.01363656,
        "median": 0.0120159
      },
      "top_50_by_stake": {
        "mean": 0.01331175,
        "median": 0.01285075
      },
      "top_50_by_mev": {
        "mean": 0.01585644,
        "median": 0.01298955
      }
    },
    "mev": {
      "network": {
        "mean": 0.00500607,
        "median": 0.0030139
      },
      "top_50_by_stake": {
        "mean": 0.00536159,
        "median": 0.00254055
      },
      "top_50_by_mev": {
        "mean": 0.01783961,
        "median": 0.01600445
      }
    },
    "total_reward": {
      "network": {
        "mean": 0.0215901,
        "median": 0.0191187
      },
      "top_50_by_stake": {
        "mean": 0.02162902,
        "median": 0.01989695
      },
      "top_50_by_mev": {
        "mean": 0.03671727,
        "median": 0.03175015
      }
    }
  }
}