{
  "epoch": 883,
  "regime": "normal",
  "n_validators": 817,
  "metrics": {
    "base_fees": {
      "network": {
        "mean": 0.00319452,
        "median": 0.0031785
      },
      "top_50_by_stake": {
        "mean": 0.00320201,
        "median": 0.00314075
      },
      "top_50_by_mev": {
        "mean": 0.00332976,
        "median": 0.00334595
      }
    },
    "priority_fees": {
      "network": {
        "mean": 0.01251507,
        "median": 0.0109954
      },
      "top_50_by_stake": {
        "mean": 0.01214577,
        "median": 0.0117906
      },
      "top_50_by_mev": {
        "mean": 0.01672661,
        "median": 0.01336765
      }
    },
    "mev": {
      "network": {
        "mean": 0.00481113,
        "median": 0.0029498
      },
      "top_50_by_stake": {
        "mean": 0.00533296,
        "median": 0.0031673
      },
      "top_50_by_mev": {
        "mean": 0.0163214,
        "median": 0.01377365
      }
    },
    "total_reward": {
      "network": {
        "mean": 0.02052071,
        "median": 0.0181561
      },
      "top_50_by_stake": {
        "mean": 0.02068074,
        "median": 0.0187731
      },
      "top_50_by_mev": {
        "mean": 0.03637778,
        "median": 0.0305087
      }
    }
  }
}