{
  "epoch": 678,
  "regime": "elevated",
  "n_validators": 1270,
  "metrics": {
    "base_fees": {
      "network": {
        "mean": 0.00340856,
        "median": 0.0034804
      },
      "top_50_by_stake": {
        "mean": 0.00363035,
        "median": 0.0037267
      },
      "top_50_by_mev": {
        "mean": 0.00347941,
        "median": 0.0035088
      }
    },
    "priority_fees": {
      "network": {
        "mean": 0.02128745,
        "median": 0.02025475
      },
      "top_50_by_stake": {
        "mean": 0.02419498,
        "median": 0.0257507
      },
      "top_50_by_mev": {
        "mean": 0.02961361,
        "median": 0.02969445
      }
    },
    "mev": {
      "network": {
        "mean": 0.0535895,
        "median": 0.05612705
      },
      "top_50_by_stake": {
        "mean": 0.04489768,
        "median": 0.0618591
      },
      "top_50_by_mev": {
        "mean": 0.15619858,
        "median": 0.12079445
      }
    },
    "total_reward": {
      "network": {
        "mean": 0.07828552,
        "median": 0.07988525
      },
      "top_50_by_stake": {
        "mean": 0.072723,
        "median": 0.08847565
      },
      "top_50_by_mev": {
        "mean": 0.1892916,
        "median": 0.15346025
      }
    }
  }
}