{
  "epoch": 920,
  "regime": "normal",
  "n_validators": 778,
  "metrics": {
    "base_fees": {
      "network": {
        "mean": 0.00380337,
        "median": 0.0038484
      },
      "top_50_by_stake": {
        "mean": 0.0038695,
        "median": 0.0038511
      },
      "top_50_by_mev": {
        "mean": 0.00393306,
        "median": 0.0039575
      }
    },
    "priority_fees": {
      "network": {
        "mean": 0.03134704,
        "median": 0.0280741
      },
      "top_50_by_stake": {
        "mean": 0.03381375,
        "median": 0.03197605
      },
      "top_50_by_mev": {
        "mean": 0.04061912,
        "median": 0.0343852
      }
    },
    "mev": {
      "network": {
        "mean": 0.01255929,
        "median": 0.011001
      },
      "top_50_by_stake": {
        "mean": 0.0131874,
        "median": 0.01194475
      },
      "top_50_by_mev": {
        "mean": 0.0381021,
        "median": 0.03331595
      }
    },
    "total_reward": {
      "network": {
        "mean": 0.0477097,
        "median": 0.04354835
      },
      "top_50_by_stake": {
        "mean": 0.05087066,
        "median": 0.0488792
      },
      "top_50_by_mev": {
        "mean": 0.08265428,
        "median": 0.07205855
      }
    }
  }
}