{
  "epoch": 731,
  "regime": "elevated",
  "n_validators": 1342,
  "metrics": {
    "base_fees": {
      "network": {
        "mean": 0.00478862,
        "median": 0.00482475
      },
      "top_50_by_stake": {
        "mean": 0.00478889,
        "median": 0.0048622
      },
      "top_50_by_mev": {
        "mean": 0.0048212,
        "median": 0.00485575
      }
    },
    "priority_fees": {
      "network": {
        "mean": 0.10893973,
        "median": 0.10690415
      },
      "top_50_by_stake": {
        "mean": 0.11143592,
        "median": 0.11565865
      },
      "top_50_by_mev": {
        "mean": 0.16132271,
        "median": 0.1413752
      }
    },
    "mev": {
      "network": {
        "mean": 0.2988306,
        "median": 0.2680934
      },
      "top_50_by_stake": {
        "mean": 0.29631599,
        "median": 0.3218786
      },
      "top_50_by_mev": {
        "mean": 1.42925156,
        "median": 0.7917376
      }
    },
    "total_reward": {
      "network": {
        "mean": 0.41255895,
        "median": 0.3800034
      },
      "top_50_by_stake": {
        "mean": 0.4125408,
        "median": 0.43860905
      },
      "top_50_by_mev": {
        "mean": 1.59539547,
        "median": 0.9953812
      }
    }
  }
}