{
  "epoch": 894,
  "regime": "normal",
  "n_validators": 786,
  "metrics": {
    "base_fees": {
      "network": {
        "mean": 0.00290591,
        "median": 0.0029053
      },
      "top_50_by_stake": {
        "mean": 0.00291406,
        "median": 0.0028953
      },
      "top_50_by_mev": {
        "mean": 0.00295371,
        "median": 0.00296425
      }
    },
    "priority_fees": {
      "network": {
        "mean": 0.01255385,
        "median": 0.01148275
      },
      "top_50_by_stake": {
        "mean": 0.01232487,
        "median": 0.0120153
      },
      "top_50_by_mev": {
        "mean": 0.0134161,
        "median": 0.0122061
      }
    },
    "mev": {
      "network": {
        "mean": 0.00471559,
        "median": 0.002645
      },
      "top_50_by_stake": {
        "mean": 0.00514692,
        "median": 0.001961
      },
      "top_50_by_mev": {
        "mean": 0.01663773,
        "median": 0.0153343
      }
    },
    "total_reward": {
      "network": {
        "mean": 0.02017536,
        "median": 0.0176335
      },
      "top_50_by_stake": {
        "mean": 0.02038585,
        "median": 0.017236
      },
      "top_50_by_mev": {
        "mean": 0.03300753,
        "median": 0.03090525
      }
    }
  }
}