{
  "epoch": 778,
  "regime": "normal",
  "n_validators": 1211,
  "metrics": {
    "base_fees": {
      "network": {
        "mean": 0.00442657,
        "median": 0.0044714
      },
      "top_50_by_stake": {
        "mean": 0.00439937,
        "median": 0.00445825
      },
      "top_50_by_mev": {
        "mean": 0.00444907,
        "median": 0.0044804
      }
    },
    "priority_fees": {
      "network": {
        "mean": 0.03418759,
        "median": 0.0337617
      },
      "top_50_by_stake": {
        "mean": 0.03371882,
        "median": 0.0347355
      },
      "top_50_by_mev": {
        "mean": 0.05560562,
        "median": 0.04851225
      }
    },
    "mev": {
      "network": {
        "mean": 0.05841746,
        "median": 0.0543946
      },
      "top_50_by_stake": {
        "mean": 0.05860664,
        "median": 0.0580922
      },
      "top_50_by_mev": {
        "mean": 0.22670164,
        "median": 0.12574985
      }
    },
    "total_reward": {
      "network": {
        "mean": 0.09703162,
        "median": 0.0928441
      },
      "top_50_by_stake": {
        "mean": 0.09672482,
        "median": 0.09798085
      },
      "top_50_by_mev": {
        "mean": 0.28675634,
        "median": 0.1895352
      }
    }
  }
}