{
  "epoch": 867,
  "regime": "normal",
  "n_validators": 893,
  "metrics": {
    "base_fees": {
      "network": {
        "mean": 0.00341977,
        "median": 0.0034038
      },
      "top_50_by_stake": {
        "median": 0.003388
      },
      "top_50_by_mev": {
        "median": 0.00346775
      }
    },
    "priority_fees": {
      "network": {
        "mean": 0.01471856,
        "median": 0.0137048
      },
      "top_50_by_stake": {
        "median": 0.0142302
      },
      "top_50_by_mev": {
        "median": 0.01632955
      }
    },
    "mev": {
      "network": {
        "mean": 0.00759301,
        "median": 0.0052158
      },
      "top_50_by_stake": {
        "median": 0.00531965
      },
      "top_50_by_mev": {
        "median": 0.0216212
      }
    },
    "total_reward": {
      "network": {
        "mean": 0.02573134,
        "median": 0.0229339
      },
      "top_50_by_stake": {
        "median": 0.02300295
      },
      "top_50_by_mev": {
        "median": 0.04429545
      }
    }
  }
}