{
  "epoch": 801,
  "regime": "elevated",
  "n_validators": 1076,
  "metrics": {
    "base_fees": {
      "network": {
        "mean": 0.00415408,
        "median": 0.0041774
      },
      "top_50_by_stake": {
        "mean": 0.00414465,
        "median": 0.0041954
      },
      "top_50_by_mev": {
        "mean": 0.00414878,
        "median": 0.00418515
      }
    },
    "priority_fees": {
      "network": {
        "mean": 0.02556269,
        "median": 0.0247217
      },
      "top_50_by_stake": {
        "mean": 0.02592139,
        "median": 0.02566415
      },
      "top_50_by_mev": {
        "mean": 0.03540236,
        "median": 0.03194985
      }
    },
    "mev": {
      "network": {
        "mean": 0.03075349,
        "median": 0.02818125
      },
      "top_50_by_stake": {
        "mean": 0.03328403,
        "median": 0.0338546
      },
      "top_50_by_mev": {
        "mean": 0.09480858,
        "median": 0.07026875
      }
    },
    "total_reward": {
      "network": {
        "mean": 0.06047026,
        "median": 0.0575811
      },
      "top_50_by_stake": {
        "mean": 0.06335008,
        "median": 0.0634127
      },
      "top_50_by_mev": {
        "mean": 0.13435972,
        "median": 0.1090406
      }
    }
  }
}