{
  "epoch": 820,
  "regime": "normal",
  "n_validators": 979,
  "metrics": {
    "base_fees": {
      "network": {
        "mean": 0.0039464,
        "median": 0.0039679
      },
      "top_50_by_stake": {
        "median": 0.00397895
      },
      "top_50_by_mev": {
        "median": 0.0040007
      }
    },
    "priority_fees": {
      "network": {
        "mean": 0.02299999,
        "median": 0.0218067
      },
      "top_50_by_stake": {
        "median": 0.02213925
      },
      "top_50_by_mev": {
        "median": 0.03083715
      }
    },
    "mev": {
      "network": {
        "mean": 0.02710976,
        "median": 0.0272966
      },
      "top_50_by_stake": {
        "median": 0.03463555
      },
      "top_50_by_mev": {
        "median": 0.06126825
      }
    },
    "total_reward": {
      "network": {
        "mean": 0.05405615,
        "median": 0.0526776
      },
      "top_50_by_stake": {
        "median": 0.059314
      },
      "top_50_by_mev": {
        "median": 0.09800905
      }
    }
  }
}