{
  "epoch": 567,
  "regime": "extreme",
  "n_validators": 1695,
  "metrics": {
    "base_fees": {
      "network": {
        "mean": 0.00265262,
        "median": 0.0025961
      },
      "top_50_by_stake": {
        "mean": 0.00271864,
        "median": 0.00267285
      },
      "top_50_by_mev": {
        "mean": 0.00297487,
        "median": 0.00289445
      }
    },
    "priority_fees": {
      "network": {
        "mean": 0.02104496,
        "median": 0.0167006
      },
      "top_50_by_stake": {
        "mean": 0.02049412,
        "median": 0.02006945
      },
      "top_50_by_mev": {
        "mean": 0.02113333,
        "median": 0.01857755
      }
    },
    "mev": {
      "network": {
        "mean": 0.01449595,
        "median": 0.0
      },
      "top_50_by_stake": {
        "mean": 0.02623398,
        "median": 0.01164545
      },
      "top_50_by_mev": {
        "mean": 0.25984583,
        "median": 0.1260908
      }
    },
    "total_reward": {
      "network": {
        "mean": 0.03819353,
        "median": 0.0248668
      },
      "top_50_by_stake": {
        "mean": 0.04944674,
        "median": 0.0382155
      },
      "top_50_by_mev": {
        "mean": 0.28395404,
        "median": 0.1548965
      }
    }
  }
}