{
  "epoch": 558,
  "regime": "extreme",
  "n_validators": 1902,
  "metrics": {
    "base_fees": {
      "network": {
        "mean": 0.00300347,
        "median": 0.00304795
      },
      "top_50_by_stake": {
        "mean": 0.00333439,
        "median": 0.0033575
      },
      "top_50_by_mev": {
        "mean": 0.00325221,
        "median": 0.00323425
      }
    },
    "priority_fees": {
      "network": {
        "mean": 0.00630422,
        "median": 0.00501185
      },
      "top_50_by_stake": {
        "mean": 0.00661936,
        "median": 0.0066671
      },
      "top_50_by_mev": {
        "mean": 0.00654762,
        "median": 0.0062349
      }
    },
    "mev": {
      "network": {
        "mean": 0.00207684,
        "median": 0.0
      },
      "top_50_by_stake": {
        "mean": 0.00831255,
        "median": 0.00465095
      },
      "top_50_by_mev": {
        "mean": 0.04411696,
        "median": 0.0170124
      }
    },
    "total_reward": {
      "network": {
        "mean": 0.01138454,
        "median": 0.00875185
      },
      "top_50_by_stake": {
        "mean": 0.0182663,
        "median": 0.01445095
      },
      "top_50_by_mev": {
        "mean": 0.05391679,
        "median": 0.02595085
      }
    }
  }
}