{
  "epoch": 881,
  "regime": "normal",
  "n_validators": 819,
  "metrics": {
    "base_fees": {
      "network": {
        "mean": 0.00313332,
        "median": 0.0031108
      },
      "top_50_by_stake": {
        "mean": 0.00314251,
        "median": 0.0030802
      },
      "top_50_by_mev": {
        "mean": 0.00327626,
        "median": 0.0032653
      }
    },
    "priority_fees": {
      "network": {
        "mean": 0.01310272,
        "median": 0.0121969
      },
      "top_50_by_stake": {
        "mean": 0.01362835,
        "median": 0.01315635
      },
      "top_50_by_mev": {
        "mean": 0.01769322,
        "median": 0.01488375
      }
    },
    "mev": {
      "network": {
        "mean": 0.00611123,
        "median": 0.0033172
      },
      "top_50_by_stake": {
        "mean": 0.00587225,
        "median": 0.0032651
      },
      "top_50_by_mev": {
        "mean": 0.02595825,
        "median": 0.01801435
      }
    },
    "total_reward": {
      "network": {
        "mean": 0.02234727,
        "median": 0.019587
      },
      "top_50_by_stake": {
        "mean": 0.02264312,
        "median": 0.0202706
      },
      "top_50_by_mev": {
        "mean": 0.04692773,
        "median": 0.0372733
      }
    }
  }
}