{
  "epoch": 924,
  "regime": "elevated",
  "n_validators": 773,
  "metrics": {
    "base_fees": {
      "network": {
        "mean": 0.00349825,
        "median": 0.003517
      },
      "top_50_by_stake": {
        "mean": 0.00357624,
        "median": 0.0035464
      },
      "top_50_by_mev": {
        "mean": 0.00358172,
        "median": 0.0035752
      }
    },
    "priority_fees": {
      "network": {
        "mean": 0.02969897,
        "median": 0.0266901
      },
      "top_50_by_stake": {
        "mean": 0.032604,
        "median": 0.03101115
      },
      "top_50_by_mev": {
        "mean": 0.03449246,
        "median": 0.03137325
      }
    },
    "mev": {
      "network": {
        "mean": 0.00952116,
        "median": 0.0075183
      },
      "top_50_by_stake": {
        "mean": 0.00856487,
        "median": 0.0061068
      },
      "top_50_by_mev": {
        "mean": 0.0359451,
        "median": 0.0297183
      }
    },
    "total_reward": {
      "network": {
        "mean": 0.04271839,
        "median": 0.0381839
      },
      "top_50_by_stake": {
        "mean": 0.04474511,
        "median": 0.0420688
      },
      "top_50_by_mev": {
        "mean": 0.07401928,
        "median": 0.0638502
      }
    }
  }
}