{
  "epoch": 797,
  "regime": "normal",
  "n_validators": 1082,
  "metrics": {
    "base_fees": {
      "network": {
        "mean": 0.00409465,
        "median": 0.0041109
      },
      "top_50_by_stake": {
        "median": 0.00409415
      },
      "top_50_by_mev": {
        "median": 0.004117
      }
    },
    "priority_fees": {
      "network": {
        "mean": 0.02432871,
        "median": 0.02372205
      },
      "top_50_by_stake": {
        "median": 0.0248412
      },
      "top_50_by_mev": {
        "median": 0.0305665
      }
    },
    "mev": {
      "network": {
        "mean": 0.03293183,
        "median": 0.03340555
      },
      "top_50_by_stake": {
        "median": 0.04037055
      },
      "top_50_by_mev": {
        "median": 0.07055175
      }
    },
    "total_reward": {
      "network": {
        "mean": 0.06135519,
        "median": 0.06180495
      },
      "top_50_by_stake": {
        "median": 0.06900745
      },
      "top_50_by_mev": {
        "median": 0.10625015
      }
    }
  }
}