{
  "epoch": 564,
  "regime": "normal",
  "n_validators": 1735,
  "metrics": {
    "base_fees": {
      "network": {
        "mean": 0.00315764,
        "median": 0.0031501
      },
      "top_50_by_stake": {
        "mean": 0.00327735,
        "median": 0.00317895
      },
      "top_50_by_mev": {
        "mean": 0.00335048,
        "median": 0.00331545
      }
    },
    "priority_fees": {
      "network": {
        "mean": 0.01108387,
        "median": 0.009843
      },
      "top_50_by_stake": {
        "mean": 0.01172153,
        "median": 0.01138335
      },
      "top_50_by_mev": {
        "mean": 0.01079676,
        "median": 0.0106059
      }
    },
    "mev": {
      "network": {
        "mean": 0.00564196,
        "median": 0.0
      },
      "top_50_by_stake": {
        "mean": 0.0093769,
        "median": 0.00690875
      },
      "top_50_by_mev": {
        "mean": 0.08224019,
        "median": 0.04778945
      }
    },
    "total_reward": {
      "network": {
        "mean": 0.01988348,
        "median": 0.0143275
      },
      "top_50_by_stake": {
        "mean": 0.02437578,
        "median": 0.0222448
      },
      "top_50_by_mev": {
        "mean": 0.09638743,
        "median": 0.06039745
      }
    }
  }
}