{
  "epoch": 772,
  "regime": "normal",
  "n_validators": 1228,
  "metrics": {
    "base_fees": {
      "network": {
        "mean": 0.00440203,
        "median": 0.00444985
      },
      "top_50_by_stake": {
        "mean": 0.00439981,
        "median": 0.00445485
      },
      "top_50_by_mev": {
        "mean": 0.00448291,
        "median": 0.0044858
      }
    },
    "priority_fees": {
      "network": {
        "mean": 0.04243003,
        "median": 0.04277845
      },
      "top_50_by_stake": {
        "mean": 0.04322458,
        "median": 0.0445114
      },
      "top_50_by_mev": {
        "mean": 0.05787724,
        "median": 0.05311355
      }
    },
    "mev": {
      "network": {
        "mean": 0.07310976,
        "median": 0.07179905
      },
      "top_50_by_stake": {
        "mean": 0.08123591,
        "median": 0.07977025
      },
      "top_50_by_mev": {
        "mean": 0.23430712,
        "median": 0.1592938
      }
    },
    "total_reward": {
      "network": {
        "mean": 0.11994181,
        "median": 0.1186421
      },
      "top_50_by_stake": {
        "mean": 0.1288603,
        "median": 0.1297983
      },
      "top_50_by_mev": {
        "mean": 0.29666727,
        "median": 0.22675355
      }
    }
  }
}