{
  "epoch": 672,
  "regime": "normal",
  "n_validators": 1304,
  "metrics": {
    "base_fees": {
      "network": {
        "mean": 0.00325191,
        "median": 0.0032892
      },
      "top_50_by_stake": {
        "mean": 0.00338545,
        "median": 0.0034645
      },
      "top_50_by_mev": {
        "mean": 0.00329374,
        "median": 0.00327115
      }
    },
    "priority_fees": {
      "network": {
        "mean": 0.00831207,
        "median": 0.0080175
      },
      "top_50_by_stake": {
        "mean": 0.00882097,
        "median": 0.0087273
      },
      "top_50_by_mev": {
        "mean": 0.01230547,
        "median": 0.00966625
      }
    },
    "mev": {
      "network": {
        "mean": 0.01414337,
        "median": 0.0147101
      },
      "top_50_by_stake": {
        "mean": 0.011872,
        "median": 0.01499315
      },
      "top_50_by_mev": {
        "mean": 0.0433208,
        "median": 0.0357981
      }
    },
    "total_reward": {
      "network": {
        "mean": 0.02570735,
        "median": 0.02619515
      },
      "top_50_by_stake": {
        "mean": 0.02407841,
        "median": 0.0274922
      },
      "top_50_by_mev": {
        "mean": 0.05892001,
        "median": 0.04960405
      }
    }
  }
}