{
  "epoch": 915,
  "regime": "normal",
  "n_validators": 774,
  "metrics": {
    "base_fees": {
      "network": {
        "mean": 0.00335732,
        "median": 0.0033995
      },
      "top_50_by_stake": {
        "median": 0.003384
      },
      "top_50_by_mev": {
        "median": 0.00345855
      }
    },
    "priority_fees": {
      "network": {
        "mean": 0.02540032,
        "median": 0.0234534
      },
      "top_50_by_stake": {
        "median": 0.02710135
      },
      "top_50_by_mev": {
        "median": 0.0248591
      }
    },
    "mev": {
      "network": {
        "mean": 0.00964102,
        "median": 0.00812115
      },
      "top_50_by_stake": {
        "median": 0.0082747
      },
      "top_50_by_mev": {
        "median": 0.0255405
      }
    },
    "total_reward": {
      "network": {
        "mean": 0.03839866,
        "median": 0.0353342
      },
      "top_50_by_stake": {
        "median": 0.03869475
      },
      "top_50_by_mev": {
        "median": 0.05475105
      }
    }
  }
}