{
  "epoch": 906,
  "regime": "extreme",
  "n_validators": 777,
  "metrics": {
    "base_fees": {
      "network": {
        "mean": 0.00314408,
        "median": 0.0031632
      },
      "top_50_by_stake": {
        "median": 0.00313185
      },
      "top_50_by_mev": {
        "median": 0.0033074
      }
    },
    "priority_fees": {
      "network": {
        "mean": 0.02356203,
        "median": 0.0224509
      },
      "top_50_by_stake": {
        "median": 0.02392535
      },
      "top_50_by_mev": {
        "median": 0.02415245
      }
    },
    "mev": {
      "network": {
        "mean": 0.00993045,
        "median": 0.007607
      },
      "top_50_by_stake": {
        "median": 0.00580905
      },
      "top_50_by_mev": {
        "median": 0.0260206
      }
    },
    "total_reward": {
      "network": {
        "mean": 0.03663656,
        "median": 0.033939
      },
      "top_50_by_stake": {
        "median": 0.03487745
      },
      "top_50_by_mev": {
        "median": 0.054363
      }
    }
  }
}