{
  "epoch": 682,
  "regime": "elevated",
  "n_validators": 1300,
  "metrics": {
    "base_fees": {
      "network": {
        "mean": 0.00343061,
        "median": 0.0034851
      },
      "top_50_by_stake": {
        "mean": 0.00366425,
        "median": 0.00380305
      },
      "top_50_by_mev": {
        "mean": 0.00345495,
        "median": 0.003428
      }
    },
    "priority_fees": {
      "network": {
        "mean": 0.01940145,
        "median": 0.0182148
      },
      "top_50_by_stake": {
        "mean": 0.02285782,
        "median": 0.02444845
      },
      "top_50_by_mev": {
        "mean": 0.02409988,
        "median": 0.02313255
      }
    },
    "mev": {
      "network": {
        "mean": 0.04762556,
        "median": 0.0507901
      },
      "top_50_by_stake": {
        "mean": 0.04532892,
        "median": 0.055923
      },
      "top_50_by_mev": {
        "mean": 0.11590858,
        "median": 0.10137135
      }
    },
    "total_reward": {
      "network": {
        "mean": 0.07045761,
        "median": 0.07308335
      },
      "top_50_by_stake": {
        "mean": 0.071851,
        "median": 0.08043815
      },
      "top_50_by_mev": {
        "mean": 0.14346341,
        "median": 0.13131835
      }
    }
  }
}