{
  "epoch": 673,
  "regime": "normal",
  "n_validators": 1309,
  "metrics": {
    "base_fees": {
      "network": {
        "mean": 0.00317913,
        "median": 0.0032239
      },
      "top_50_by_stake": {
        "mean": 0.00330535,
        "median": 0.003362
      },
      "top_50_by_mev": {
        "mean": 0.00325836,
        "median": 0.0032523
      }
    },
    "priority_fees": {
      "network": {
        "mean": 0.00777362,
        "median": 0.0074878
      },
      "top_50_by_stake": {
        "mean": 0.00842922,
        "median": 0.0084811
      },
      "top_50_by_mev": {
        "mean": 0.01061265,
        "median": 0.00991
      }
    },
    "mev": {
      "network": {
        "mean": 0.01378549,
        "median": 0.0148885
      },
      "top_50_by_stake": {
        "mean": 0.01102101,
        "median": 0.0151057
      },
      "top_50_by_mev": {
        "mean": 0.03904055,
        "median": 0.03183315
      }
    },
    "total_reward": {
      "network": {
        "mean": 0.02473825,
        "median": 0.0258086
      },
      "top_50_by_stake": {
        "mean": 0.02275558,
        "median": 0.02732075
      },
      "top_50_by_mev": {
        "mean": 0.05291156,
        "median": 0.04563445
      }
    }
  }
}