{
  "epoch": 702,
  "regime": "elevated",
  "n_validators": 1349,
  "metrics": {
    "base_fees": {
      "network": {
        "mean": 0.00453776,
        "median": 0.0045893
      },
      "top_50_by_stake": {
        "mean": 0.00459697,
        "median": 0.004671
      },
      "top_50_by_mev": {
        "mean": 0.00456953,
        "median": 0.0045883
      }
    },
    "priority_fees": {
      "network": {
        "mean": 0.06794122,
        "median": 0.0679399
      },
      "top_50_by_stake": {
        "mean": 0.06826444,
        "median": 0.0700244
      },
      "top_50_by_mev": {
        "mean": 0.08757047,
        "median": 0.0791492
      }
    },
    "mev": {
      "network": {
        "mean": 0.15120724,
        "median": 0.1403853
      },
      "top_50_by_stake": {
        "mean": 0.1437719,
        "median": 0.1473545
      },
      "top_50_by_mev": {
        "mean": 0.61342383,
        "median": 0.3426238
      }
    },
    "total_reward": {
      "network": {
        "mean": 0.22368622,
        "median": 0.2150286
      },
      "top_50_by_stake": {
        "mean": 0.2166333,
        "median": 0.2239114
      },
      "top_50_by_mev": {
        "mean": 0.70556383,
        "median": 0.4467408
      }
    }
  }
}