{
  "epoch": 844,
  "regime": "normal",
  "n_validators": 933,
  "metrics": {
    "base_fees": {
      "network": {
        "mean": 0.00345122,
        "median": 0.0034372
      },
      "top_50_by_stake": {
        "mean": 0.00341228,
        "median": 0.0034036
      },
      "top_50_by_mev": {
        "mean": 0.00351003,
        "median": 0.0034654
      }
    },
    "priority_fees": {
      "network": {
        "mean": 0.01915771,
        "median": 0.018352
      },
      "top_50_by_stake": {
        "mean": 0.01925534,
        "median": 0.0189773
      },
      "top_50_by_mev": {
        "mean": 0.02452679,
        "median": 0.0237098
      }
    },
    "mev": {
      "network": {
        "mean": 0.01212847,
        "median": 0.0089561
      },
      "top_50_by_stake": {
        "mean": 0.01281575,
        "median": 0.01127155
      },
      "top_50_by_mev": {
        "mean": 0.04149646,
        "median": 0.0341141
      }
    },
    "total_reward": {
      "network": {
        "mean": 0.0347374,
        "median": 0.0315088
      },
      "top_50_by_stake": {
        "mean": 0.03548337,
        "median": 0.0331945
      },
      "top_50_by_mev": {
        "mean": 0.06953329,
        "median": 0.0626552
      }
    }
  }
}