{
  "epoch": 766,
  "regime": "normal",
  "n_validators": 1235,
  "metrics": {
    "base_fees": {
      "network": {
        "mean": 0.00857721,
        "median": 0.0086683
      },
      "top_50_by_stake": {
        "mean": 0.00859974,
        "median": 0.00871145
      },
      "top_50_by_mev": {
        "mean": 0.00864289,
        "median": 0.0087205
      }
    },
    "priority_fees": {
      "network": {
        "mean": 0.02445287,
        "median": 0.023922
      },
      "top_50_by_stake": {
        "mean": 0.02525828,
        "median": 0.0254926
      },
      "top_50_by_mev": {
        "mean": 0.03713092,
        "median": 0.02835165
      }
    },
    "mev": {
      "network": {
        "mean": 0.03974163,
        "median": 0.0389085
      },
      "top_50_by_stake": {
        "mean": 0.04339116,
        "median": 0.0450194
      },
      "top_50_by_mev": {
        "mean": 0.11035386,
        "median": 0.08919225
      }
    },
    "total_reward": {
      "network": {
        "mean": 0.07277171,
        "median": 0.0713634
      },
      "top_50_by_stake": {
        "mean": 0.07724918,
        "median": 0.07863535
      },
      "top_50_by_mev": {
        "mean": 0.15612767,
        "median": 0.13018745
      }
    }
  }
}