{
  "epoch": 879,
  "regime": "elevated",
  "n_validators": 819,
  "metrics": {
    "base_fees": {
      "network": {
        "mean": 0.00318302,
        "median": 0.0031625
      },
      "top_50_by_stake": {
        "mean": 0.00319456,
        "median": 0.00312265
      },
      "top_50_by_mev": {
        "mean": 0.00329429,
        "median": 0.00333125
      }
    },
    "priority_fees": {
      "network": {
        "mean": 0.01390768,
        "median": 0.0127922
      },
      "top_50_by_stake": {
        "mean": 0.01402941,
        "median": 0.01361965
      },
      "top_50_by_mev": {
        "mean": 0.01519827,
        "median": 0.014411
      }
    },
    "mev": {
      "network": {
        "mean": 0.00575221,
        "median": 0.0035309
      },
      "top_50_by_stake": {
        "mean": 0.00622005,
        "median": 0.0033439
      },
      "top_50_by_mev": {
        "mean": 0.01858229,
        "median": 0.01594805
      }
    },
    "total_reward": {
      "network": {
        "mean": 0.02284291,
        "median": 0.0205172
      },
      "top_50_by_stake": {
        "mean": 0.02344402,
        "median": 0.02106485
      },
      "top_50_by_mev": {
        "mean": 0.03707486,
        "median": 0.0343078
      }
    }
  }
}