{
  "epoch": 813,
  "regime": "normal",
  "n_validators": 975,
  "metrics": {
    "base_fees": {
      "network": {
        "mean": 0.0040228,
        "median": 0.0040507
      },
      "top_50_by_stake": {
        "mean": 0.00402172,
        "median": 0.0040625
      },
      "top_50_by_mev": {
        "mean": 0.00409786,
        "median": 0.00409975
      }
    },
    "priority_fees": {
      "network": {
        "mean": 0.02959487,
        "median": 0.0283207
      },
      "top_50_by_stake": {
        "mean": 0.028781,
        "median": 0.02837995
      },
      "top_50_by_mev": {
        "mean": 0.03911245,
        "median": 0.0357724
      }
    },
    "mev": {
      "network": {
        "mean": 0.03538591,
        "median": 0.0318268
      },
      "top_50_by_stake": {
        "mean": 0.04000519,
        "median": 0.0391015
      },
      "top_50_by_mev": {
        "mean": 0.15522985,
        "median": 0.07928405
      }
    },
    "total_reward": {
      "network": {
        "mean": 0.06900358,
        "median": 0.063645
      },
      "top_50_by_stake": {
        "mean": 0.07280791,
        "median": 0.07035455
      },
      "top_50_by_mev": {
        "mean": 0.19844015,
        "median": 0.12210305
      }
    }
  }
}