{
  "epoch": 599,
  "regime": "elevated",
  "n_validators": 1603,
  "metrics": {
    "base_fees": {
      "network": {
        "mean": 0.00380249,
        "median": 0.003809
      },
      "top_50_by_stake": {
        "mean": 0.00406446,
        "median": 0.00394575
      },
      "top_50_by_mev": {
        "mean": 0.00373459,
        "median": 0.00354735
      }
    },
    "priority_fees": {
      "network": {
        "mean": 0.03984654,
        "median": 0.0375603
      },
      "top_50_by_stake": {
        "mean": 0.03991695,
        "median": 0.0441448
      },
      "top_50_by_mev": {
        "mean": 0.06719132,
        "median": 0.05241225
      }
    },
    "mev": {
      "network": {
        "mean": 0.04251394,
        "median": 0.0432353
      },
      "top_50_by_stake": {
        "mean": 0.04995691,
        "median": 0.06325995
      },
      "top_50_by_mev": {
        "mean": 0.20621553,
        "median": 0.15535075
      }
    },
    "total_reward": {
      "network": {
        "mean": 0.08616298,
        "median": 0.0914576
      },
      "top_50_by_stake": {
        "mean": 0.09393832,
        "median": 0.11277595
      },
      "top_50_by_mev": {
        "mean": 0.27714143,
        "median": 0.22390425
      }
    }
  }
}