{
  "epoch": 729,
  "regime": "extreme",
  "n_validators": 1338,
  "metrics": {
    "base_fees": {
      "network": {
        "mean": 0.00454173,
        "median": 0.00456155
      },
      "top_50_by_stake": {
        "mean": 0.00453491,
        "median": 0.0045934
      },
      "top_50_by_mev": {
        "mean": 0.00459936,
        "median": 0.0045811
      }
    },
    "priority_fees": {
      "network": {
        "mean": 0.23127358,
        "median": 0.2159168
      },
      "top_50_by_stake": {
        "mean": 0.25427125,
        "median": 0.2510166
      },
      "top_50_by_mev": {
        "mean": 0.35175618,
        "median": 0.29895265
      }
    },
    "mev": {
      "network": {
        "mean": 0.37649029,
        "median": 0.3473571
      },
      "top_50_by_stake": {
        "mean": 0.4277269,
        "median": 0.4680769
      },
      "top_50_by_mev": {
        "mean": 1.50612814,
        "median": 1.11109915
      }
    },
    "total_reward": {
      "network": {
        "mean": 0.6123056,
        "median": 0.5833962
      },
      "top_50_by_stake": {
        "mean": 0.68653306,
        "median": 0.7218853
      },
      "top_50_by_mev": {
        "mean": 1.86248367,
        "median": 1.383203
      }
    }
  }
}