{
  "epoch": 849,
  "regime": "normal",
  "n_validators": 909,
  "metrics": {
    "base_fees": {
      "network": {
        "mean": 0.00356465,
        "median": 0.0035363
      },
      "top_50_by_stake": {
        "mean": 0.0035086,
        "median": 0.00351525
      },
      "top_50_by_mev": {
        "mean": 0.00364687,
        "median": 0.00357505
      }
    },
    "priority_fees": {
      "network": {
        "mean": 0.03357135,
        "median": 0.0324602
      },
      "top_50_by_stake": {
        "mean": 0.03323931,
        "median": 0.0328873
      },
      "top_50_by_mev": {
        "mean": 0.04244582,
        "median": 0.041036
      }
    },
    "mev": {
      "network": {
        "mean": 0.02898397,
        "median": 0.0253235
      },
      "top_50_by_stake": {
        "mean": 0.03151208,
        "median": 0.029204
      },
      "top_50_by_mev": {
        "mean": 0.09687942,
        "median": 0.0558748
      }
    },
    "total_reward": {
      "network": {
        "mean": 0.06611997,
        "median": 0.0625069
      },
      "top_50_by_stake": {
        "mean": 0.06825999,
        "median": 0.0652665
      },
      "top_50_by_mev": {
        "mean": 0.14297211,
        "median": 0.1065017
      }
    }
  }
}