{
  "epoch": 889,
  "regime": "elevated",
  "n_validators": 793,
  "metrics": {
    "base_fees": {
      "network": {
        "mean": 0.00307776,
        "median": 0.0030764
      },
      "top_50_by_stake": {
        "median": 0.00305025
      },
      "top_50_by_mev": {
        "median": 0.0031347
      }
    },
    "priority_fees": {
      "network": {
        "mean": 0.01857403,
        "median": 0.0144645
      },
      "top_50_by_stake": {
        "median": 0.01677515
      },
      "top_50_by_mev": {
        "median": 0.0158707
      }
    },
    "mev": {
      "network": {
        "mean": 0.00483187,
        "median": 0.002596
      },
      "top_50_by_stake": {
        "median": 0.00252075
      },
      "top_50_by_mev": {
        "median": 0.01530325
      }
    },
    "total_reward": {
      "network": {
        "mean": 0.02648365,
        "median": 0.0213433
      },
      "top_50_by_stake": {
        "median": 0.02388365
      },
      "top_50_by_mev": {
        "median": 0.03405295
      }
    }
  }
}