{
  "epoch": 774,
  "regime": "normal",
  "n_validators": 1230,
  "metrics": {
    "base_fees": {
      "network": {
        "mean": 0.00430026,
        "median": 0.0043395
      },
      "top_50_by_stake": {
        "median": 0.0043303
      },
      "top_50_by_mev": {
        "median": 0.00435185
      }
    },
    "priority_fees": {
      "network": {
        "mean": 0.02690757,
        "median": 0.0261191
      },
      "top_50_by_stake": {
        "median": 0.02645035
      },
      "top_50_by_mev": {
        "median": 0.0351677
      }
    },
    "mev": {
      "network": {
        "mean": 0.03854211,
        "median": 0.0371198
      },
      "top_50_by_stake": {
        "median": 0.04024695
      },
      "top_50_by_mev": {
        "median": 0.08435265
      }
    },
    "total_reward": {
      "network": {
        "mean": 0.06974994,
        "median": 0.06762865
      },
      "top_50_by_stake": {
        "median": 0.0706401
      },
      "top_50_by_mev": {
        "median": 0.13272775
      }
    }
  }
}