{
  "epoch": 838,
  "regime": "normal",
  "n_validators": 972,
  "metrics": {
    "base_fees": {
      "network": {
        "mean": 0.00372185,
        "median": 0.0037104
      },
      "top_50_by_stake": {
        "mean": 0.00366762,
        "median": 0.00366685
      },
      "top_50_by_mev": {
        "mean": 0.0038187,
        "median": 0.00376735
      }
    },
    "priority_fees": {
      "network": {
        "mean": 0.02065074,
        "median": 0.02017995
      },
      "top_50_by_stake": {
        "mean": 0.01991728,
        "median": 0.0200822
      },
      "top_50_by_mev": {
        "mean": 0.02509915,
        "median": 0.02388465
      }
    },
    "mev": {
      "network": {
        "mean": 0.01465402,
        "median": 0.01213105
      },
      "top_50_by_stake": {
        "mean": 0.01839247,
        "median": 0.01555975
      },
      "top_50_by_mev": {
        "mean": 0.04538916,
        "median": 0.03867295
      }
    },
    "total_reward": {
      "network": {
        "mean": 0.03902661,
        "median": 0.0367612
      },
      "top_50_by_stake": {
        "mean": 0.04197737,
        "median": 0.0388368
      },
      "top_50_by_mev": {
        "mean": 0.07430701,
        "median": 0.06763025
      }
    }
  }
}