{
  "epoch": 616,
  "regime": "normal",
  "n_validators": 1560,
  "metrics": {
    "base_fees": {
      "network": {
        "mean": 0.00272751,
        "median": 0.00271735
      },
      "top_50_by_stake": {
        "mean": 0.00282042,
        "median": 0.002807
      },
      "top_50_by_mev": {
        "mean": 0.00265541,
        "median": 0.0026772
      }
    },
    "priority_fees": {
      "network": {
        "mean": 0.01980376,
        "median": 0.01898605
      },
      "top_50_by_stake": {
        "mean": 0.02092605,
        "median": 0.02008965
      },
      "top_50_by_mev": {
        "mean": 0.02767429,
        "median": 0.0247729
      }
    },
    "mev": {
      "network": {
        "mean": 0.03200054,
        "median": 0.0348228
      },
      "top_50_by_stake": {
        "mean": 0.0368696,
        "median": 0.0448339
      },
      "top_50_by_mev": {
        "mean": 0.11209677,
        "median": 0.0986123
      }
    },
    "total_reward": {
      "network": {
        "mean": 0.05453182,
        "median": 0.0561255
      },
      "top_50_by_stake": {
        "mean": 0.06061608,
        "median": 0.06755025
      },
      "top_50_by_mev": {
        "mean": 0.14242646,
        "median": 0.12925895
      }
    }
  }
}