{
  "epoch": 612,
  "regime": "normal",
  "n_validators": 1621,
  "metrics": {
    "base_fees": {
      "network": {
        "mean": 0.00302849,
        "median": 0.0029932
      },
      "top_50_by_stake": {
        "mean": 0.0030463,
        "median": 0.00305385
      },
      "top_50_by_mev": {
        "mean": 0.00303945,
        "median": 0.0029623
      }
    },
    "priority_fees": {
      "network": {
        "mean": 0.02451885,
        "median": 0.0227454
      },
      "top_50_by_stake": {
        "mean": 0.02504753,
        "median": 0.0245598
      },
      "top_50_by_mev": {
        "mean": 0.04017702,
        "median": 0.0321734
      }
    },
    "mev": {
      "network": {
        "mean": 0.03905237,
        "median": 0.0415358
      },
      "top_50_by_stake": {
        "mean": 0.03880742,
        "median": 0.05025825
      },
      "top_50_by_mev": {
        "mean": 0.16563012,
        "median": 0.12201695
      }
    },
    "total_reward": {
      "network": {
        "mean": 0.0665997,
        "median": 0.0679881
      },
      "top_50_by_stake": {
        "mean": 0.06690125,
        "median": 0.07833565
      },
      "top_50_by_mev": {
        "mean": 0.20884659,
        "median": 0.16497875
      }
    }
  }
}