{
  "epoch": 761,
  "regime": "elevated",
  "n_validators": 1261,
  "metrics": {
    "base_fees": {
      "network": {
        "mean": 0.0087422,
        "median": 0.0088294
      },
      "top_50_by_stake": {
        "mean": 0.00879068,
        "median": 0.0089391
      },
      "top_50_by_mev": {
        "mean": 0.00888326,
        "median": 0.00888965
      }
    },
    "priority_fees": {
      "network": {
        "mean": 0.03170061,
        "median": 0.0314213
      },
      "top_50_by_stake": {
        "mean": 0.03233354,
        "median": 0.0326676
      },
      "top_50_by_mev": {
        "mean": 0.04723392,
        "median": 0.04137365
      }
    },
    "mev": {
      "network": {
        "mean": 0.05165349,
        "median": 0.0504029
      },
      "top_50_by_stake": {
        "mean": 0.05192999,
        "median": 0.05694175
      },
      "top_50_by_mev": {
        "mean": 0.17569583,
        "median": 0.11829225
      }
    },
    "total_reward": {
      "network": {
        "mean": 0.0920963,
        "median": 0.0905772
      },
      "top_50_by_stake": {
        "mean": 0.09305421,
        "median": 0.09754185
      },
      "top_50_by_mev": {
        "mean": 0.23181301,
        "median": 0.17419875
      }
    }
  }
}