{
  "epoch": 630,
  "regime": "normal",
  "n_validators": 1394,
  "metrics": {
    "base_fees": {
      "network": {
        "mean": 0.00320434,
        "median": 0.0032473
      },
      "top_50_by_stake": {
        "mean": 0.00375015,
        "median": 0.0037753
      },
      "top_50_by_mev": {
        "mean": 0.00326834,
        "median": 0.00337985
      }
    },
    "priority_fees": {
      "network": {
        "mean": 0.02517949,
        "median": 0.0232968
      },
      "top_50_by_stake": {
        "mean": 0.03144613,
        "median": 0.0318213
      },
      "top_50_by_mev": {
        "mean": 0.02824442,
        "median": 0.02590385
      }
    },
    "mev": {
      "network": {
        "mean": 0.04021812,
        "median": 0.0457886
      },
      "top_50_by_stake": {
        "mean": 0.04425837,
        "median": 0.05179315
      },
      "top_50_by_mev": {
        "mean": 0.11182868,
        "median": 0.09690345
      }
    },
    "total_reward": {
      "network": {
        "mean": 0.06860195,
        "median": 0.0724322
      },
      "top_50_by_stake": {
        "mean": 0.07945466,
        "median": 0.0873536
      },
      "top_50_by_mev": {
        "mean": 0.14334144,
        "median": 0.1294281
      }
    }
  }
}