{
  "epoch": 932,
  "regime": "normal",
  "n_validators": 767,
  "metrics": {
    "base_fees": {
      "network": {
        "mean": 0.00357326,
        "median": 0.0035989
      },
      "top_50_by_stake": {
        "mean": 0.00364537,
        "median": 0.00367045
      },
      "top_50_by_mev": {
        "mean": 0.00371653,
        "median": 0.00368525
      }
    },
    "priority_fees": {
      "network": {
        "mean": 0.03150029,
        "median": 0.0293499
      },
      "top_50_by_stake": {
        "mean": 0.03514413,
        "median": 0.03366565
      },
      "top_50_by_mev": {
        "mean": 0.03805801,
        "median": 0.03325125
      }
    },
    "mev": {
      "network": {
        "mean": 0.00872346,
        "median": 0.0067686
      },
      "top_50_by_stake": {
        "mean": 0.00781576,
        "median": 0.00599505
      },
      "top_50_by_mev": {
        "mean": 0.03626117,
        "median": 0.0271505
      }
    },
    "total_reward": {
      "network": {
        "mean": 0.04379701,
        "median": 0.0402943
      },
      "top_50_by_stake": {
        "mean": 0.04660526,
        "median": 0.0418381
      },
      "top_50_by_mev": {
        "mean": 0.07803571,
        "median": 0.06350795
      }
    }
  }
}