{
  "epoch": 785,
  "regime": "normal",
  "n_validators": 1190,
  "metrics": {
    "base_fees": {
      "network": {
        "mean": 0.00438998,
        "median": 0.00443145
      },
      "top_50_by_stake": {
        "median": 0.00440805
      },
      "top_50_by_mev": {
        "median": 0.0044695
      }
    },
    "priority_fees": {
      "network": {
        "mean": 0.03637203,
        "median": 0.0354351
      },
      "top_50_by_stake": {
        "median": 0.035779
      },
      "top_50_by_mev": {
        "median": 0.0452742
      }
    },
    "mev": {
      "network": {
        "mean": 0.06042726,
        "median": 0.05457465
      },
      "top_50_by_stake": {
        "median": 0.0592904
      },
      "top_50_by_mev": {
        "median": 0.11461025
      }
    },
    "total_reward": {
      "network": {
        "mean": 0.10118927,
        "median": 0.0948097
      },
      "top_50_by_stake": {
        "median": 0.09898245
      },
      "top_50_by_mev": {
        "median": 0.1633216
      }
    }
  }
}