{
  "epoch": 704,
  "regime": "normal",
  "n_validators": 1261,
  "metrics": {
    "base_fees": {
      "network": {
        "mean": 0.00455785,
        "median": 0.004602
      },
      "top_50_by_stake": {
        "mean": 0.00461884,
        "median": 0.00468465
      },
      "top_50_by_mev": {
        "mean": 0.00462231,
        "median": 0.0046501
      }
    },
    "priority_fees": {
      "network": {
        "mean": 0.05094729,
        "median": 0.051252
      },
      "top_50_by_stake": {
        "mean": 0.05105723,
        "median": 0.0528099
      },
      "top_50_by_mev": {
        "mean": 0.06469784,
        "median": 0.05757545
      }
    },
    "mev": {
      "network": {
        "mean": 0.11938026,
        "median": 0.1182041
      },
      "top_50_by_stake": {
        "mean": 0.11784556,
        "median": 0.1241893
      },
      "top_50_by_mev": {
        "mean": 0.40598783,
        "median": 0.2579261
      }
    },
    "total_reward": {
      "network": {
        "mean": 0.1748854,
        "median": 0.1749876
      },
      "top_50_by_stake": {
        "mean": 0.17352163,
        "median": 0.1827131
      },
      "top_50_by_mev": {
        "mean": 0.47530797,
        "median": 0.32734225
      }
    }
  }
}