{
  "epoch": 634,
  "regime": "normal",
  "n_validators": 1424,
  "metrics": {
    "base_fees": {
      "network": {
        "mean": 0.00352882,
        "median": 0.0035876
      },
      "top_50_by_stake": {
        "mean": 0.00388708,
        "median": 0.0038069
      },
      "top_50_by_mev": {
        "mean": 0.00351012,
        "median": 0.00356085
      }
    },
    "priority_fees": {
      "network": {
        "mean": 0.02314944,
        "median": 0.02228875
      },
      "top_50_by_stake": {
        "mean": 0.02633272,
        "median": 0.02579505
      },
      "top_50_by_mev": {
        "mean": 0.02929285,
        "median": 0.0270734
      }
    },
    "mev": {
      "network": {
        "mean": 0.03548889,
        "median": 0.0398676
      },
      "top_50_by_stake": {
        "mean": 0.03360434,
        "median": 0.0414233
      },
      "top_50_by_mev": {
        "mean": 0.09939062,
        "median": 0.088155
      }
    },
    "total_reward": {
      "network": {
        "mean": 0.06216715,
        "median": 0.0654558
      },
      "top_50_by_stake": {
        "mean": 0.06382414,
        "median": 0.07250955
      },
      "top_50_by_mev": {
        "mean": 0.13219359,
        "median": 0.1200189
      }
    }
  }
}