{
  "epoch": 933,
  "regime": "normal",
  "n_validators": 756,
  "metrics": {
    "base_fees": {
      "network": {
        "mean": 0.00361799,
        "median": 0.0036344
      },
      "top_50_by_stake": {
        "median": 0.0037045
      },
      "top_50_by_mev": {
        "median": 0.0036845
      }
    },
    "priority_fees": {
      "network": {
        "mean": 0.02905941,
        "median": 0.0266248
      },
      "top_50_by_stake": {
        "median": 0.03225135
      },
      "top_50_by_mev": {
        "median": 0.03026615
      }
    },
    "mev": {
      "network": {
        "mean": 0.00874493,
        "median": 0.00667125
      },
      "top_50_by_stake": {
        "median": 0.00675295
      },
      "top_50_by_mev": {
        "median": 0.0277758
      }
    },
    "total_reward": {
      "network": {
        "mean": 0.04142233,
        "median": 0.0373753
      },
      "top_50_by_stake": {
        "median": 0.0419813
      },
      "top_50_by_mev": {
        "median": 0.06454585
      }
    }
  }
}