{
  "epoch": 918,
  "regime": "elevated",
  "n_validators": 773,
  "metrics": {
    "base_fees": {
      "network": {
        "mean": 0.00369313,
        "median": 0.0037507
      },
      "top_50_by_stake": {
        "mean": 0.00379716,
        "median": 0.0037751
      },
      "top_50_by_mev": {
        "mean": 0.00372507,
        "median": 0.0038365
      }
    },
    "priority_fees": {
      "network": {
        "mean": 0.03908587,
        "median": 0.0355686
      },
      "top_50_by_stake": {
        "mean": 0.04461829,
        "median": 0.0421635
      },
      "top_50_by_mev": {
        "mean": 0.04628316,
        "median": 0.0408975
      }
    },
    "mev": {
      "network": {
        "mean": 0.01574384,
        "median": 0.0132797
      },
      "top_50_by_stake": {
        "mean": 0.01674035,
        "median": 0.0159685
      },
      "top_50_by_mev": {
        "mean": 0.04711731,
        "median": 0.0397624
      }
    },
    "total_reward": {
      "network": {
        "mean": 0.05852284,
        "median": 0.0539908
      },
      "top_50_by_stake": {
        "mean": 0.0651558,
        "median": 0.06323815
      },
      "top_50_by_mev": {
        "mean": 0.09712553,
        "median": 0.0870842
      }
    }
  }
}