{
  "epoch": 818,
  "regime": "elevated",
  "n_validators": 980,
  "metrics": {
    "base_fees": {
      "network": {
        "mean": 0.0040416,
        "median": 0.00407915
      },
      "top_50_by_stake": {
        "mean": 0.00402619,
        "median": 0.0040981
      },
      "top_50_by_mev": {
        "mean": 0.00413674,
        "median": 0.0041171
      }
    },
    "priority_fees": {
      "network": {
        "mean": 0.0384109,
        "median": 0.0368185
      },
      "top_50_by_stake": {
        "mean": 0.03742534,
        "median": 0.03784895
      },
      "top_50_by_mev": {
        "mean": 0.05394126,
        "median": 0.0466844
      }
    },
    "mev": {
      "network": {
        "mean": 0.04663499,
        "median": 0.04860075
      },
      "top_50_by_stake": {
        "mean": 0.05347962,
        "median": 0.0567631
      },
      "top_50_by_mev": {
        "mean": 0.10180086,
        "median": 0.09276955
      }
    },
    "total_reward": {
      "network": {
        "mean": 0.08908749,
        "median": 0.08893705
      },
      "top_50_by_stake": {
        "mean": 0.09493114,
        "median": 0.095264
      },
      "top_50_by_mev": {
        "mean": 0.15987886,
        "median": 0.14580535
      }
    }
  }
}