{
  "epoch": 715,
  "regime": "normal",
  "n_validators": 1333,
  "metrics": {
    "base_fees": {
      "network": {
        "mean": 0.00482998,
        "median": 0.0048771
      },
      "top_50_by_stake": {
        "mean": 0.00482317,
        "median": 0.0048921
      },
      "top_50_by_mev": {
        "mean": 0.00488669,
        "median": 0.00487835
      }
    },
    "priority_fees": {
      "network": {
        "mean": 0.03516921,
        "median": 0.0352423
      },
      "top_50_by_stake": {
        "mean": 0.03576274,
        "median": 0.03771985
      },
      "top_50_by_mev": {
        "mean": 0.04661131,
        "median": 0.04178805
      }
    },
    "mev": {
      "network": {
        "mean": 0.08196453,
        "median": 0.0818195
      },
      "top_50_by_stake": {
        "mean": 0.08183831,
        "median": 0.08923575
      },
      "top_50_by_mev": {
        "mean": 0.2133465,
        "median": 0.1872354
      }
    },
    "total_reward": {
      "network": {
        "mean": 0.12196371,
        "median": 0.1230537
      },
      "top_50_by_stake": {
        "mean": 0.12242421,
        "median": 0.12931665
      },
      "top_50_by_mev": {
        "mean": 0.26484449,
        "median": 0.2405996
      }
    }
  }
}