{
  "epoch": 905,
  "regime": "elevated",
  "n_validators": 776,
  "metrics": {
    "base_fees": {
      "network": {
        "mean": 0.00297878,
        "median": 0.00298385
      },
      "top_50_by_stake": {
        "mean": 0.00301674,
        "median": 0.0029712
      },
      "top_50_by_mev": {
        "mean": 0.00307978,
        "median": 0.0030919
      }
    },
    "priority_fees": {
      "network": {
        "mean": 0.01841186,
        "median": 0.01685275
      },
      "top_50_by_stake": {
        "mean": 0.01833529,
        "median": 0.0179056
      },
      "top_50_by_mev": {
        "mean": 0.01858939,
        "median": 0.0180016
      }
    },
    "mev": {
      "network": {
        "mean": 0.00677626,
        "median": 0.00492805
      },
      "top_50_by_stake": {
        "mean": 0.00787572,
        "median": 0.0038992
      },
      "top_50_by_mev": {
        "mean": 0.02251181,
        "median": 0.02027685
      }
    },
    "total_reward": {
      "network": {
        "mean": 0.02816689,
        "median": 0.0256233
      },
      "top_50_by_stake": {
        "mean": 0.02922775,
        "median": 0.0254817
      },
      "top_50_by_mev": {
        "mean": 0.04418098,
        "median": 0.0417353
      }
    }
  }
}