{
  "epoch": 748,
  "regime": "normal",
  "n_validators": 1273,
  "metrics": {
    "base_fees": {
      "network": {
        "mean": 0.00867681,
        "median": 0.0087642
      },
      "top_50_by_stake": {
        "mean": 0.00876158,
        "median": 0.00887445
      },
      "top_50_by_mev": {
        "mean": 0.00875404,
        "median": 0.00875975
      }
    },
    "priority_fees": {
      "network": {
        "mean": 0.02933452,
        "median": 0.0282158
      },
      "top_50_by_stake": {
        "mean": 0.03030082,
        "median": 0.0303787
      },
      "top_50_by_mev": {
        "mean": 0.05076055,
        "median": 0.03834665
      }
    },
    "mev": {
      "network": {
        "mean": 0.04476495,
        "median": 0.041228
      },
      "top_50_by_stake": {
        "mean": 0.04365693,
        "median": 0.0463495
      },
      "top_50_by_mev": {
        "mean": 0.18011674,
        "median": 0.12477935
      }
    },
    "total_reward": {
      "network": {
        "mean": 0.08277628,
        "median": 0.0777524
      },
      "top_50_by_stake": {
        "mean": 0.08271933,
        "median": 0.08430835
      },
      "top_50_by_mev": {
        "mean": 0.23963132,
        "median": 0.17816465
      }
    }
  }
}