{
  "epoch": 941,
  "regime": "normal",
  "n_validators": 766,
  "metrics": {
    "base_fees": {
      "network": {
        "mean": 0.0034882,
        "median": 0.0034988
      },
      "top_50_by_stake": {
        "median": 0.0035373
      },
      "top_50_by_mev": {
        "median": 0.00356075
      }
    },
    "priority_fees": {
      "network": {
        "mean": 0.02397764,
        "median": 0.0209085
      },
      "top_50_by_stake": {
        "median": 0.0253137
      },
      "top_50_by_mev": {
        "median": 0.02569575
      }
    },
    "mev": {
      "network": {
        "mean": 0.00662186,
        "median": 0.0051868
      },
      "top_50_by_stake": {
        "median": 0.00429195
      },
      "top_50_by_mev": {
        "median": 0.0197158
      }
    },
    "total_reward": {
      "network": {
        "mean": 0.0340877,
        "median": 0.0304923
      },
      "top_50_by_stake": {
        "median": 0.0330606
      },
      "top_50_by_mev": {
        "median": 0.05006655
      }
    }
  }
}