{
  "epoch": 787,
  "regime": "elevated",
  "n_validators": 1113,
  "metrics": {
    "base_fees": {
      "network": {
        "mean": 0.00419492,
        "median": 0.0042361
      },
      "top_50_by_stake": {
        "mean": 0.00415441,
        "median": 0.0042246
      },
      "top_50_by_mev": {
        "mean": 0.0042238,
        "median": 0.00427075
      }
    },
    "priority_fees": {
      "network": {
        "mean": 0.05908275,
        "median": 0.0535111
      },
      "top_50_by_stake": {
        "mean": 0.05595586,
        "median": 0.0555008
      },
      "top_50_by_mev": {
        "mean": 0.12959039,
        "median": 0.08278845
      }
    },
    "mev": {
      "network": {
        "mean": 0.10194669,
        "median": 0.0828715
      },
      "top_50_by_stake": {
        "mean": 0.09673652,
        "median": 0.0970973
      },
      "top_50_by_mev": {
        "mean": 0.54800416,
        "median": 0.3108774
      }
    },
    "total_reward": {
      "network": {
        "mean": 0.16522436,
        "median": 0.142436
      },
      "top_50_by_stake": {
        "mean": 0.15684678,
        "median": 0.1589721
      },
      "top_50_by_mev": {
        "mean": 0.68181835,
        "median": 0.4015935
      }
    }
  }
}