{
  "epoch": 767,
  "regime": "normal",
  "n_validators": 1230,
  "metrics": {
    "base_fees": {
      "network": {
        "mean": 0.00854796,
        "median": 0.0086327
      },
      "top_50_by_stake": {
        "mean": 0.00857709,
        "median": 0.0086979
      },
      "top_50_by_mev": {
        "mean": 0.00863241,
        "median": 0.0086002
      }
    },
    "priority_fees": {
      "network": {
        "mean": 0.02155329,
        "median": 0.0210925
      },
      "top_50_by_stake": {
        "mean": 0.02212657,
        "median": 0.0227627
      },
      "top_50_by_mev": {
        "mean": 0.03291575,
        "median": 0.0294064
      }
    },
    "mev": {
      "network": {
        "mean": 0.03459352,
        "median": 0.0338444
      },
      "top_50_by_stake": {
        "mean": 0.0368831,
        "median": 0.03821715
      },
      "top_50_by_mev": {
        "mean": 0.10216868,
        "median": 0.07989955
      }
    },
    "total_reward": {
      "network": {
        "mean": 0.06469477,
        "median": 0.06382535
      },
      "top_50_by_stake": {
        "mean": 0.06758676,
        "median": 0.06907045
      },
      "top_50_by_mev": {
        "mean": 0.14371684,
        "median": 0.11770155
      }
    }
  }
}