{
  "epoch": 876,
  "regime": "normal",
  "n_validators": 829,
  "metrics": {
    "base_fees": {
      "network": {
        "mean": 0.00309093,
        "median": 0.0030679
      },
      "top_50_by_stake": {
        "median": 0.003038
      },
      "top_50_by_mev": {
        "median": 0.00319455
      }
    },
    "priority_fees": {
      "network": {
        "mean": 0.01450332,
        "median": 0.0132518
      },
      "top_50_by_stake": {
        "median": 0.0146233
      },
      "top_50_by_mev": {
        "median": 0.01498815
      }
    },
    "mev": {
      "network": {
        "mean": 0.00493992,
        "median": 0.0030427
      },
      "top_50_by_stake": {
        "median": 0.00256425
      },
      "top_50_by_mev": {
        "median": 0.015644
      }
    },
    "total_reward": {
      "network": {
        "mean": 0.02253417,
        "median": 0.0201966
      },
      "top_50_by_stake": {
        "median": 0.02102755
      },
      "top_50_by_mev": {
        "median": 0.0334739
      }
    }
  }
}