{
  "epoch": 670,
  "regime": "normal",
  "n_validators": 1324,
  "metrics": {
    "base_fees": {
      "network": {
        "mean": 0.00362966,
        "median": 0.00366515
      },
      "top_50_by_stake": {
        "mean": 0.00370078,
        "median": 0.00374455
      },
      "top_50_by_mev": {
        "mean": 0.00368575,
        "median": 0.0036803
      }
    },
    "priority_fees": {
      "network": {
        "mean": 0.00711999,
        "median": 0.0068605
      },
      "top_50_by_stake": {
        "mean": 0.00745549,
        "median": 0.00751195
      },
      "top_50_by_mev": {
        "mean": 0.01188508,
        "median": 0.00893975
      }
    },
    "mev": {
      "network": {
        "mean": 0.01179359,
        "median": 0.01235235
      },
      "top_50_by_stake": {
        "mean": 0.00911484,
        "median": 0.0129451
      },
      "top_50_by_mev": {
        "mean": 0.03850698,
        "median": 0.02820815
      }
    },
    "total_reward": {
      "network": {
        "mean": 0.02254324,
        "median": 0.0232494
      },
      "top_50_by_stake": {
        "mean": 0.0202711,
        "median": 0.02412645
      },
      "top_50_by_mev": {
        "mean": 0.05407781,
        "median": 0.0408428
      }
    }
  }
}