{
  "epoch": 836,
  "regime": "normal",
  "n_validators": 977,
  "metrics": {
    "base_fees": {
      "network": {
        "mean": 0.00388494,
        "median": 0.0038808
      },
      "top_50_by_stake": {
        "mean": 0.00383807,
        "median": 0.00382905
      },
      "top_50_by_mev": {
        "mean": 0.00392617,
        "median": 0.0038864
      }
    },
    "priority_fees": {
      "network": {
        "mean": 0.02707676,
        "median": 0.0256906
      },
      "top_50_by_stake": {
        "mean": 0.0271224,
        "median": 0.02629075
      },
      "top_50_by_mev": {
        "mean": 0.04098735,
        "median": 0.0331422
      }
    },
    "mev": {
      "network": {
        "mean": 0.02517922,
        "median": 0.0166282
      },
      "top_50_by_stake": {
        "mean": 0.02511502,
        "median": 0.0240709
      },
      "top_50_by_mev": {
        "mean": 0.16970175,
        "median": 0.0607691
      }
    },
    "total_reward": {
      "network": {
        "mean": 0.05614092,
        "median": 0.0475132
      },
      "top_50_by_stake": {
        "mean": 0.05607549,
        "median": 0.0544596
      },
      "top_50_by_mev": {
        "mean": 0.21461527,
        "median": 0.0984731
      }
    }
  }
}