{
  "epoch": 854,
  "regime": "normal",
  "n_validators": 918,
  "metrics": {
    "base_fees": {
      "network": {
        "mean": 0.00344664,
        "median": 0.0034174
      },
      "top_50_by_stake": {
        "mean": 0.00340852,
        "median": 0.00338805
      },
      "top_50_by_mev": {
        "mean": 0.00349963,
        "median": 0.00344265
      }
    },
    "priority_fees": {
      "network": {
        "mean": 0.01452792,
        "median": 0.0136414
      },
      "top_50_by_stake": {
        "mean": 0.01448095,
        "median": 0.01454295
      },
      "top_50_by_mev": {
        "mean": 0.02120592,
        "median": 0.0159951
      }
    },
    "mev": {
      "network": {
        "mean": 0.00815633,
        "median": 0.0049941
      },
      "top_50_by_stake": {
        "mean": 0.00827947,
        "median": 0.00670925
      },
      "top_50_by_mev": {
        "mean": 0.03374883,
        "median": 0.0257247
      }
    },
    "total_reward": {
      "network": {
        "mean": 0.02613089,
        "median": 0.023031
      },
      "top_50_by_stake": {
        "mean": 0.02616893,
        "median": 0.02390375
      },
      "top_50_by_mev": {
        "mean": 0.05845438,
        "median": 0.045088
      }
    }
  }
}