{
  "epoch": 870,
  "regime": "normal",
  "n_validators": 880,
  "metrics": {
    "base_fees": {
      "network": {
        "mean": 0.00321613,
        "median": 0.00319905
      },
      "top_50_by_stake": {
        "median": 0.0031852
      },
      "top_50_by_mev": {
        "median": 0.00331855
      }
    },
    "priority_fees": {
      "network": {
        "mean": 0.01214422,
        "median": 0.01153845
      },
      "top_50_by_stake": {
        "median": 0.01231975
      },
      "top_50_by_mev": {
        "median": 0.0132638
      }
    },
    "mev": {
      "network": {
        "mean": 0.00379816,
        "median": 0.0025309
      },
      "top_50_by_stake": {
        "median": 0.00357035
      },
      "top_50_by_mev": {
        "median": 0.0109226
      }
    },
    "total_reward": {
      "network": {
        "mean": 0.01915851,
        "median": 0.01761325
      },
      "top_50_by_stake": {
        "median": 0.02016625
      },
      "top_50_by_mev": {
        "median": 0.02722865
      }
    }
  }
}