{
  "epoch": 779,
  "regime": "normal",
  "n_validators": 1208,
  "metrics": {
    "base_fees": {
      "network": {
        "mean": 0.00438283,
        "median": 0.0044331
      },
      "top_50_by_stake": {
        "median": 0.00442665
      },
      "top_50_by_mev": {
        "median": 0.0044694
      }
    },
    "priority_fees": {
      "network": {
        "mean": 0.040586,
        "median": 0.03978915
      },
      "top_50_by_stake": {
        "median": 0.04138415
      },
      "top_50_by_mev": {
        "median": 0.061197
      }
    },
    "mev": {
      "network": {
        "mean": 0.06370306,
        "median": 0.0646199
      },
      "top_50_by_stake": {
        "median": 0.0688475
      },
      "top_50_by_mev": {
        "median": 0.12125295
      }
    },
    "total_reward": {
      "network": {
        "mean": 0.10867189,
        "median": 0.10934315
      },
      "top_50_by_stake": {
        "median": 0.11442355
      },
      "top_50_by_mev": {
        "median": 0.19379485
      }
    }
  }
}