{
  "epoch": 768,
  "regime": "normal",
  "n_validators": 1231,
  "metrics": {
    "base_fees": {
      "network": {
        "mean": 0.00871744,
        "median": 0.0088115
      },
      "top_50_by_stake": {
        "median": 0.00886845
      },
      "top_50_by_mev": {
        "median": 0.0088578
      }
    },
    "priority_fees": {
      "network": {
        "mean": 0.03272084,
        "median": 0.0325497
      },
      "top_50_by_stake": {
        "median": 0.033802
      },
      "top_50_by_mev": {
        "median": 0.04386355
      }
    },
    "mev": {
      "network": {
        "mean": 0.05520965,
        "median": 0.0542176
      },
      "top_50_by_stake": {
        "median": 0.0601853
      },
      "top_50_by_mev": {
        "median": 0.1223686
      }
    },
    "total_reward": {
      "network": {
        "mean": 0.09664793,
        "median": 0.0952858
      },
      "top_50_by_stake": {
        "median": 0.102469
      },
      "top_50_by_mev": {
        "median": 0.1870157
      }
    }
  }
}