{
  "epoch": 573,
  "regime": "normal",
  "n_validators": 1582,
  "metrics": {
    "base_fees": {
      "network": {
        "mean": 0.00343579,
        "median": 0.00345265
      },
      "top_50_by_stake": {
        "mean": 0.00356277,
        "median": 0.00343515
      },
      "top_50_by_mev": {
        "mean": 0.00352568,
        "median": 0.00358885
      }
    },
    "priority_fees": {
      "network": {
        "mean": 0.00760123,
        "median": 0.007011
      },
      "top_50_by_stake": {
        "mean": 0.00870047,
        "median": 0.00874825
      },
      "top_50_by_mev": {
        "mean": 0.00784408,
        "median": 0.00756365
      }
    },
    "mev": {
      "network": {
        "mean": 0.01105698,
        "median": 0.0
      },
      "top_50_by_stake": {
        "mean": 0.01210314,
        "median": 0.0156444
      },
      "top_50_by_mev": {
        "mean": 0.17875902,
        "median": 0.0943234
      }
    },
    "total_reward": {
      "network": {
        "mean": 0.022094,
        "median": 0.0121261
      },
      "top_50_by_stake": {
        "mean": 0.02436638,
        "median": 0.0285862
      },
      "top_50_by_mev": {
        "mean": 0.19012878,
        "median": 0.10478745
      }
    }
  }
}