{
  "epoch": 923,
  "regime": "normal",
  "n_validators": 778,
  "metrics": {
    "base_fees": {
      "network": {
        "mean": 0.00340477,
        "median": 0.0034426
      },
      "top_50_by_stake": {
        "median": 0.00347475
      },
      "top_50_by_mev": {
        "median": 0.0034866
      }
    },
    "priority_fees": {
      "network": {
        "mean": 0.02594073,
        "median": 0.02426425
      },
      "top_50_by_stake": {
        "median": 0.0274468
      },
      "top_50_by_mev": {
        "median": 0.0271081
      }
    },
    "mev": {
      "network": {
        "mean": 0.0087586,
        "median": 0.0068861
      },
      "top_50_by_stake": {
        "median": 0.00664455
      },
      "top_50_by_mev": {
        "median": 0.0275324
      }
    },
    "total_reward": {
      "network": {
        "mean": 0.0381041,
        "median": 0.03509045
      },
      "top_50_by_stake": {
        "median": 0.0397447
      },
      "top_50_by_mev": {
        "median": 0.0577393
      }
    }
  }
}