{
  "epoch": 554,
  "regime": "extreme",
  "n_validators": 1924,
  "metrics": {
    "base_fees": {
      "network": {
        "mean": 0.00328249,
        "median": 0.00330615
      },
      "top_50_by_stake": {
        "mean": 0.00360837,
        "median": 0.00363805
      },
      "top_50_by_mev": {
        "mean": 0.00349243,
        "median": 0.00354675
      }
    },
    "priority_fees": {
      "network": {
        "mean": 0.0100307,
        "median": 0.00763665
      },
      "top_50_by_stake": {
        "mean": 0.01107504,
        "median": 0.0107851
      },
      "top_50_by_mev": {
        "mean": 0.0093868,
        "median": 0.008407
      }
    },
    "mev": {
      "network": {
        "mean": 0.0030632,
        "median": 0.0
      },
      "top_50_by_stake": {
        "mean": 0.0088242,
        "median": 0.0109828
      },
      "top_50_by_mev": {
        "mean": 0.05093208,
        "median": 0.04232795
      }
    },
    "total_reward": {
      "network": {
        "mean": 0.01637639,
        "median": 0.01170955
      },
      "top_50_by_stake": {
        "mean": 0.02350761,
        "median": 0.02664715
      },
      "top_50_by_mev": {
        "mean": 0.06381132,
        "median": 0.05653245
      }
    }
  }
}