{
  "epoch": 603,
  "regime": "normal",
  "n_validators": 1629,
  "metrics": {
    "base_fees": {
      "network": {
        "mean": 0.00287273,
        "median": 0.0028334
      },
      "top_50_by_stake": {
        "mean": 0.00291431,
        "median": 0.00291185
      },
      "top_50_by_mev": {
        "mean": 0.00268858,
        "median": 0.0027043
      }
    },
    "priority_fees": {
      "network": {
        "mean": 0.01692677,
        "median": 0.0165785
      },
      "top_50_by_stake": {
        "mean": 0.01792005,
        "median": 0.01917925
      },
      "top_50_by_mev": {
        "mean": 0.02450657,
        "median": 0.02173715
      }
    },
    "mev": {
      "network": {
        "mean": 0.02461343,
        "median": 0.0265184
      },
      "top_50_by_stake": {
        "mean": 0.02524377,
        "median": 0.0340105
      },
      "top_50_by_mev": {
        "mean": 0.1071708,
        "median": 0.08473965
      }
    },
    "total_reward": {
      "network": {
        "mean": 0.04441293,
        "median": 0.0470847
      },
      "top_50_by_stake": {
        "mean": 0.04607814,
        "median": 0.05673705
      },
      "top_50_by_mev": {
        "mean": 0.13436595,
        "median": 0.1110382
      }
    }
  }
}