{
  "epoch": 552,
  "regime": "extreme",
  "n_validators": 1915,
  "metrics": {
    "base_fees": {
      "network": {
        "mean": 0.00351048,
        "median": 0.0035569
      },
      "top_50_by_stake": {
        "mean": 0.00384052,
        "median": 0.00385955
      },
      "top_50_by_mev": {
        "mean": 0.00360729,
        "median": 0.00367345
      }
    },
    "priority_fees": {
      "network": {
        "mean": 0.01071355,
        "median": 0.0082408
      },
      "top_50_by_stake": {
        "mean": 0.01084366,
        "median": 0.01061685
      },
      "top_50_by_mev": {
        "mean": 0.00887024,
        "median": 0.0084109
      }
    },
    "mev": {
      "network": {
        "mean": 0.00290559,
        "median": 0.0
      },
      "top_50_by_stake": {
        "mean": 0.00778247,
        "median": 0.00814265
      },
      "top_50_by_mev": {
        "mean": 0.05828164,
        "median": 0.0430964
      }
    },
    "total_reward": {
      "network": {
        "mean": 0.01712962,
        "median": 0.0125624
      },
      "top_50_by_stake": {
        "mean": 0.02246664,
        "median": 0.02147695
      },
      "top_50_by_mev": {
        "mean": 0.07075916,
        "median": 0.0574785
      }
    }
  }
}