{
  "epoch": 863,
  "regime": "extreme",
  "n_validators": 902,
  "metrics": {
    "base_fees": {
      "network": {
        "mean": 0.00343983,
        "median": 0.0034252
      },
      "top_50_by_stake": {
        "mean": 0.00344119,
        "median": 0.0034106
      },
      "top_50_by_mev": {
        "mean": 0.00355502,
        "median": 0.00351325
      }
    },
    "priority_fees": {
      "network": {
        "mean": 0.00970877,
        "median": 0.00892885
      },
      "top_50_by_stake": {
        "mean": 0.009891,
        "median": 0.00979535
      },
      "top_50_by_mev": {
        "mean": 0.01659337,
        "median": 0.0131409
      }
    },
    "mev": {
      "network": {
        "mean": 0.00684062,
        "median": 0.00402285
      },
      "top_50_by_stake": {
        "mean": 0.00680172,
        "median": 0.00456365
      },
      "top_50_by_mev": {
        "mean": 0.03418215,
        "median": 0.0208551
      }
    },
    "total_reward": {
      "network": {
        "mean": 0.01998923,
        "median": 0.01709915
      },
      "top_50_by_stake": {
        "mean": 0.02013392,
        "median": 0.01804675
      },
      "top_50_by_mev": {
        "mean": 0.05433054,
        "median": 0.03685345
      }
    }
  }
}