{
  "epoch": 790,
  "regime": "normal",
  "n_validators": 1106,
  "metrics": {
    "base_fees": {
      "network": {
        "mean": 0.00414878,
        "median": 0.0041839
      },
      "top_50_by_stake": {
        "mean": 0.00412608,
        "median": 0.00415365
      },
      "top_50_by_mev": {
        "mean": 0.00414966,
        "median": 0.00417775
      }
    },
    "priority_fees": {
      "network": {
        "mean": 0.03737622,
        "median": 0.0362483
      },
      "top_50_by_stake": {
        "mean": 0.03774015,
        "median": 0.03824965
      },
      "top_50_by_mev": {
        "mean": 0.06451747,
        "median": 0.05071635
      }
    },
    "mev": {
      "network": {
        "mean": 0.05718217,
        "median": 0.05288115
      },
      "top_50_by_stake": {
        "mean": 0.05795989,
        "median": 0.0599928
      },
      "top_50_by_mev": {
        "mean": 0.21477762,
        "median": 0.12109915
      }
    },
    "total_reward": {
      "network": {
        "mean": 0.09870717,
        "median": 0.0930821
      },
      "top_50_by_stake": {
        "mean": 0.09982611,
        "median": 0.10064735
      },
      "top_50_by_mev": {
        "mean": 0.28344475,
        "median": 0.18328555
      }
    }
  }
}