{
  "epoch": 803,
  "regime": "normal",
  "n_validators": 1036,
  "metrics": {
    "base_fees": {
      "network": {
        "mean": 0.00406424,
        "median": 0.00408965
      },
      "top_50_by_stake": {
        "mean": 0.00404807,
        "median": 0.0040919
      },
      "top_50_by_mev": {
        "mean": 0.00412864,
        "median": 0.00410535
      }
    },
    "priority_fees": {
      "network": {
        "mean": 0.02240319,
        "median": 0.0215892
      },
      "top_50_by_stake": {
        "mean": 0.02241075,
        "median": 0.0219752
      },
      "top_50_by_mev": {
        "mean": 0.031849,
        "median": 0.0291607
      }
    },
    "mev": {
      "network": {
        "mean": 0.03122567,
        "median": 0.02980195
      },
      "top_50_by_stake": {
        "mean": 0.03363962,
        "median": 0.0368921
      },
      "top_50_by_mev": {
        "mean": 0.10537358,
        "median": 0.06990325
      }
    },
    "total_reward": {
      "network": {
        "mean": 0.05769311,
        "median": 0.0558235
      },
      "top_50_by_stake": {
        "mean": 0.06009843,
        "median": 0.06228875
      },
      "top_50_by_mev": {
        "mean": 0.14135123,
        "median": 0.10565975
      }
    }
  }
}