{
  "epoch": 927,
  "regime": "normal",
  "n_validators": 767,
  "metrics": {
    "base_fees": {
      "network": {
        "mean": 0.00322679,
        "median": 0.0032488
      },
      "top_50_by_stake": {
        "mean": 0.00330765,
        "median": 0.0032985
      },
      "top_50_by_mev": {
        "mean": 0.0033718,
        "median": 0.00336085
      }
    },
    "priority_fees": {
      "network": {
        "mean": 0.02738165,
        "median": 0.0257121
      },
      "top_50_by_stake": {
        "mean": 0.03132405,
        "median": 0.03020215
      },
      "top_50_by_mev": {
        "mean": 0.0312382,
        "median": 0.0272446
      }
    },
    "mev": {
      "network": {
        "mean": 0.00790793,
        "median": 0.0060822
      },
      "top_50_by_stake": {
        "mean": 0.00676771,
        "median": 0.0054445
      },
      "top_50_by_mev": {
        "mean": 0.03049088,
        "median": 0.02600275
      }
    },
    "total_reward": {
      "network": {
        "mean": 0.03851637,
        "median": 0.0356869
      },
      "top_50_by_stake": {
        "mean": 0.0413994,
        "median": 0.03920315
      },
      "top_50_by_mev": {
        "mean": 0.06510088,
        "median": 0.0584811
      }
    }
  }
}