{
  "epoch": 856,
  "regime": "normal",
  "n_validators": 923,
  "metrics": {
    "base_fees": {
      "network": {
        "mean": 0.0033571,
        "median": 0.0033417
      },
      "top_50_by_stake": {
        "median": 0.00331755
      },
      "top_50_by_mev": {
        "median": 0.0033266
      }
    },
    "priority_fees": {
      "network": {
        "mean": 0.01323335,
        "median": 0.0126344
      },
      "top_50_by_stake": {
        "median": 0.01328915
      },
      "top_50_by_mev": {
        "median": 0.0128912
      }
    },
    "mev": {
      "network": {
        "mean": 0.00713728,
        "median": 0.0049937
      },
      "top_50_by_stake": {
        "median": 0.00544115
      },
      "top_50_by_mev": {
        "median": 0.019926
      }
    },
    "total_reward": {
      "network": {
        "mean": 0.02372773,
        "median": 0.0220575
      },
      "top_50_by_stake": {
        "median": 0.0220423
      },
      "top_50_by_mev": {
        "median": 0.0375167
      }
    }
  }
}