{
  "epoch": 589,
  "regime": "extreme",
  "n_validators": 1574,
  "metrics": {
    "base_fees": {
      "network": {
        "mean": 0.00275759,
        "median": 0.00257745
      },
      "top_50_by_stake": {
        "mean": 0.00294025,
        "median": 0.00302475
      },
      "top_50_by_mev": {
        "mean": 0.00340888,
        "median": 0.00340505
      }
    },
    "priority_fees": {
      "network": {
        "mean": 0.0538869,
        "median": 0.0522707
      },
      "top_50_by_stake": {
        "mean": 0.0514825,
        "median": 0.05387955
      },
      "top_50_by_mev": {
        "mean": 0.04744583,
        "median": 0.0406013
      }
    },
    "mev": {
      "network": {
        "mean": 0.02130828,
        "median": 0.0134834
      },
      "top_50_by_stake": {
        "mean": 0.02588097,
        "median": 0.03123425
      },
      "top_50_by_mev": {
        "mean": 0.10424051,
        "median": 0.0915625
      }
    },
    "total_reward": {
      "network": {
        "mean": 0.07795278,
        "median": 0.07255665
      },
      "top_50_by_stake": {
        "mean": 0.08030372,
        "median": 0.08044215
      },
      "top_50_by_mev": {
        "mean": 0.15509522,
        "median": 0.1458707
      }
    }
  }
}