{
  "epoch": 789,
  "regime": "normal",
  "n_validators": 1105,
  "metrics": {
    "base_fees": {
      "network": {
        "mean": 0.00417789,
        "median": 0.004218
      },
      "top_50_by_stake": {
        "mean": 0.00415867,
        "median": 0.00420245
      },
      "top_50_by_mev": {
        "mean": 0.00417756,
        "median": 0.0042331
      }
    },
    "priority_fees": {
      "network": {
        "mean": 0.03585244,
        "median": 0.0350059
      },
      "top_50_by_stake": {
        "mean": 0.03512972,
        "median": 0.03529415
      },
      "top_50_by_mev": {
        "mean": 0.05761648,
        "median": 0.04575765
      }
    },
    "mev": {
      "network": {
        "mean": 0.0541923,
        "median": 0.0512765
      },
      "top_50_by_stake": {
        "mean": 0.05409776,
        "median": 0.0565373
      },
      "top_50_by_mev": {
        "mean": 0.1802929,
        "median": 0.1189444
      }
    },
    "total_reward": {
      "network": {
        "mean": 0.09422264,
        "median": 0.0905283
      },
      "top_50_by_stake": {
        "mean": 0.09338614,
        "median": 0.0949455
      },
      "top_50_by_mev": {
        "mean": 0.24208694,
        "median": 0.1812983
      }
    }
  }
}