{
  "epoch": 925,
  "regime": "normal",
  "n_validators": 776,
  "metrics": {
    "base_fees": {
      "network": {
        "mean": 0.00339254,
        "median": 0.0034176
      },
      "top_50_by_stake": {
        "mean": 0.00347508,
        "median": 0.0034552
      },
      "top_50_by_mev": {
        "mean": 0.00346578,
        "median": 0.00347805
      }
    },
    "priority_fees": {
      "network": {
        "mean": 0.03255319,
        "median": 0.0256523
      },
      "top_50_by_stake": {
        "mean": 0.03061191,
        "median": 0.02937395
      },
      "top_50_by_mev": {
        "mean": 0.03240097,
        "median": 0.02797505
      }
    },
    "mev": {
      "network": {
        "mean": 0.00819276,
        "median": 0.0059227
      },
      "top_50_by_stake": {
        "mean": 0.00681228,
        "median": 0.0055469
      },
      "top_50_by_mev": {
        "mean": 0.03472521,
        "median": 0.0266452
      }
    },
    "total_reward": {
      "network": {
        "mean": 0.0441385,
        "median": 0.03580075
      },
      "top_50_by_stake": {
        "mean": 0.04089926,
        "median": 0.03865745
      },
      "top_50_by_mev": {
        "mean": 0.07059196,
        "median": 0.05838215
      }
    }
  }
}