{
  "epoch": 794,
  "regime": "normal",
  "n_validators": 1093,
  "metrics": {
    "base_fees": {
      "network": {
        "mean": 0.00406495,
        "median": 0.0040757
      },
      "top_50_by_stake": {
        "median": 0.0040465
      },
      "top_50_by_mev": {
        "median": 0.0041209
      }
    },
    "priority_fees": {
      "network": {
        "mean": 0.026659,
        "median": 0.0252853
      },
      "top_50_by_stake": {
        "median": 0.02720465
      },
      "top_50_by_mev": {
        "median": 0.0344197
      }
    },
    "mev": {
      "network": {
        "mean": 0.03351901,
        "median": 0.0301318
      },
      "top_50_by_stake": {
        "median": 0.03472915
      },
      "top_50_by_mev": {
        "median": 0.0868597
      }
    },
    "total_reward": {
      "network": {
        "mean": 0.06424296,
        "median": 0.0596547
      },
      "top_50_by_stake": {
        "median": 0.06458095
      },
      "top_50_by_mev": {
        "median": 0.1203179
      }
    }
  }
}