epoch;jito_total_mev_lamports;jito_total_mev_sol;jito_stake_weight_lamports;jito_mev_reward_per_lamport
920;5813851445062;5813.851445;414316420650993814;1.403239445814626e-05
925;3485215919965;3485.21592;409711701287535411;8.50650813489722e-06
928;4316122648949;4316.122649;409913837206252386;1.0529341186346188e-05
930;3492719160771;3492.719161;408404344266423851;8.55211069569944e-06
932;4014594501282;4014.594501;407056550632670945;9.862498208276673e-06
934;3418251529301;3418.251529;411963617996781154;8.297459726959938e-06
