epoch;total_txns;total_vote_txns;total_non_vote_txns;total_success_txns;total_failed_txns;total_cu;total_all_fees_sol;total_base_fees_sol;total_priority_fees_sol;total_jito_tips_sol;total_slots;total_skipped_slots;total_packed_slots;total_jito_transactions;total_priority_txns;validator_count
920;1102910;592536;510374;963070;139454;36811057542;34657.493633;6650.95962;30429.025593;11997.108011;864002;1418;862584;77436106;420260968;780
925;975746;593614;382132;881033;94330;30525210957;31560.207879;5942.26242;27506.733149;7198.556844;864002;674;863328;54462672;320283546;776
928;963134;590273;372861;861773;100990;29372310787;37991.867777;5757.107975;34038.898067;8915.198419;864006;1762;862244;41292419;320813922;778
930;991616;593452;398164;884031;107214;32677566130;31712.909886;5969.96467;27698.423406;7226.396057;864002;2266;861736;45185906;333294502;778
932;1038100;588750;449350;903994;133737;32463732388;35853.932164;6283.28991;31689.218689;8303.831635;866048;924;865124;48120252;371253333;776
934;1017183;574684;442499;883743;133070;32580281175;31875.020559;6257.518005;27693.383794;7085.827947;866312;2270;864042;48217261;355947783;770
